date,rolling_mean_20,rolling_sample_sd_20,rolling_zscore_20,rolling_return_21,sma_50,donchian_upper_20,donchian_lower_10,realised_vol_21,true_range,atr_14,wilder_rsi_2,wilder_rsi_14
2020-01-01,NaN,NaN,NaN,NaN,NaN,NaN,NaN,NaN,NaN,NaN,NaN,NaN
2020-01-02,NaN,NaN,NaN,NaN,NaN,NaN,NaN,NaN,2.9113562231263046,NaN,NaN,NaN
2020-01-03,NaN,NaN,NaN,NaN,NaN,NaN,NaN,NaN,1.9224309449947867,NaN,100,NaN
2020-01-06,NaN,NaN,NaN,NaN,NaN,NaN,NaN,NaN,1.6317973450062198,NaN,72.822845760052132,NaN
2020-01-07,NaN,NaN,NaN,NaN,NaN,NaN,NaN,NaN,1.2394586730314501,NaN,55.831299048724318,NaN
2020-01-08,NaN,NaN,NaN,NaN,NaN,NaN,NaN,NaN,1.9984741106056987,NaN,30.099937919657918,NaN
2020-01-09,NaN,NaN,NaN,NaN,NaN,NaN,NaN,NaN,2.3897676467567806,NaN,66.583534348015561,NaN
2020-01-10,NaN,NaN,NaN,NaN,NaN,NaN,NaN,NaN,0.85835971710211822,NaN,63.129726539523276,NaN
2020-01-13,NaN,NaN,NaN,NaN,NaN,NaN,NaN,NaN,2.7615664888013782,NaN,89.727731637194296,NaN
2020-01-14,NaN,NaN,NaN,NaN,NaN,NaN,NaN,NaN,2.2588370058613094,NaN,20.462905847960371,NaN
2020-01-15,NaN,NaN,NaN,NaN,NaN,NaN,99.339157321044496,NaN,2.0175505066300161,NaN,66.103965194648453,NaN
2020-01-16,NaN,NaN,NaN,NaN,NaN,NaN,99.339157321044496,NaN,1.3192982122927077,NaN,62.837606040687263,NaN
2020-01-17,NaN,NaN,NaN,NaN,NaN,NaN,100.87229985062274,NaN,0.97008310848315205,NaN,81.227305647110711,NaN
2020-01-20,NaN,NaN,NaN,NaN,NaN,NaN,100.87229985062274,NaN,0.28053353213972798,NaN,70.199436180038461,NaN
2020-01-21,NaN,NaN,NaN,NaN,NaN,NaN,100.87229985062274,NaN,1.7302956260226097,1.7349863672038757,37.753726533670189,63.220545894386298
2020-01-22,NaN,NaN,NaN,NaN,NaN,NaN,100.87229985062274,NaN,1.1422624924790767,1.6926489475806756,72.642059687933127,65.088518360563825
2020-01-23,NaN,NaN,NaN,NaN,NaN,NaN,100.87229985062274,NaN,1.973807353731388,1.712731690877155,90.778297688891229,68.145288606164229
2020-01-24,NaN,NaN,NaN,NaN,NaN,NaN,101.11922400673063,NaN,1.2072815645241803,1.6766281104233711,71.020878416635441,66.823211107972355
2020-01-27,NaN,NaN,NaN,NaN,NaN,NaN,101.11922400673063,NaN,1.4687699718654699,1.6617811005263781,54.100909301412131,65.834933429074624
2020-01-28,103.0999210542675,1.3426056682900049,1.7756806492264279,NaN,NaN,NaN,101.11922400673063,NaN,1.8554225839571217,1.6756126350571454,87.456823473698549,68.62398122053736
2020-01-29,103.31733474632695,1.1668819497254146,0.94439343160770872,NaN,NaN,105.95911930746873,101.16760212639625,NaN,2.0168612376865411,1.6999875352449594,32.065919988242385,62.132102454526681
2020-01-30,103.35842657052319,1.1223223926340598,-0.70279529624192316,0.024968329547376378,NaN,106.0491219034689,102.38439556960114,0.010638906027926989,1.9985664333913462,1.7213145993982728,10.01826788934865,52.788516359020868
2020-01-31,103.34856128429321,1.123866012069453,-0.23193515342495302,0.013170502969942044,NaN,106.0491219034689,102.50874404278832,0.010076561522815461,1.5592611574392521,1.709739353544057,35.044548438752244,54.837742702006963
2020-02-03,103.32890787016478,1.1394018413701159,-0.90971028985430114,-0.0096124193358393395,NaN,106.0491219034689,101.97153138476946,0.0096639614066065423,0.98942282496885525,1.6582881729315428,18.903394973395478,51.166323462746071
2020-02-04,103.21103050424028,1.3487608131192528,-2.3865884075770518,-0.026229197761369782,NaN,106.0491219034689,101.97153138476946,0.010753379466470266,3.8629806250123551,1.8157662052230295,5.1597083357057869,42.339258232210213
2020-02-05,103.07679557265507,1.6114625589377618,-2.4989865314954378,-0.032241134708618002,NaN,106.0491219034689,99.48065597214341,0.010895250217299502,2.4884028154112201,1.863811677379329,3.2335565009674667,39.344783834737662
2020-02-06,102.87989450446057,1.9043631667364804,-2.2867475771338968,-0.031546577044233137,NaN,106.0491219034689,98.403898866983624,0.010881595881130931,0.95270021795172966,1.7987322874202147,2.2840577349437012,37.744108757094352
2020-02-07,102.6163262896475,2.2953026532789895,-2.3799741443377718,-0.05181915983522789,NaN,106.0491219034689,98.097072123908703,0.011017204210973191,1.4383642896529665,1.7729917161511255,0.90094571530237033,33.865523990427775
2020-02-10,102.22030866979337,2.7874610145444096,-2.4260787932095167,-0.068022707246883529,NaN,106.0491219034689,97.106156609214395,0.011475528397812658,1.7677170710143884,1.7726149557842157,0.36074058683958299,29.789345613995025
2020-02-11,101.93962874413252,3.1595533727916676,-2.0291755147498938,-0.075932171034989615,NaN,106.0491219034689,95.385848250399235,0.011153291639057606,0.96989988498938828,1.7152781650131566,5.1005908692896043,30.166358154924993
2020-02-12,101.61459136856544,3.3626018570436136,-1.4938336959582381,-0.044991380984939822,NaN,106.0491219034689,95.067474320301301,0.01080462661819236,2.1933855597180099,1.7494286932063603,60.97823139321666,35.75781224305581
2020-02-13,101.28192334422938,3.5422431213723504,-1.3921811790446887,-0.065394798853891989,NaN,106.0491219034689,94.946637552854696,0.0096272954386628674,0.64000810239021177,1.6701843652909212,48.131716553158746,35.072387911686818
2020-02-14,100.86411263886811,3.7086439310795232,-1.4401237982861628,-0.072624801158894248,NaN,106.0491219034689,94.946637552854696,0.0096819920492231797,1.1666166949746071,1.6342152459826131,19.672251005383487,32.751088368452301
2020-02-17,100.47680720236228,3.7958991504669513,-1.1808732773424282,-0.075906170847330201,NaN,106.0491219034689,94.946637552854696,0.009489527420641148,0.70797558332458266,1.568055270078468,51.999047660104956,35.374357445770428
2020-02-18,100.15443681867391,3.8171838424004911,-0.86484734300066024,-0.066389582917202317,NaN,106.0491219034689,94.946637552854696,0.0098755448090472858,1.1887351705904479,1.5409609772578949,80.544515448005811,39.97130164702704
2020-02-19,99.785769382474626,3.7916185500161679,-0.85760598792418141,-0.065503114113580452,NaN,106.0491219034689,94.946637552854696,0.0098728124641568205,0.66943366086893263,1.4787090260872549,55.859314032998022,38.865104207965494
2020-02-20,99.396977067795007,3.6269161962260932,-0.60678369731990311,-0.064588081987648538,NaN,106.0491219034689,94.946637552854696,0.0099201738368047999,0.78278577088885015,1.4290002221445115,80.57148770793421,42.425821505226587
2020-02-21,99.082031064671355,3.4043979422325523,-0.18572196803457339,-0.06213376738342935,NaN,106.0491219034689,94.946637552854696,0.010113817992115524,1.4010655297774974,1.427004886975439,93.772270869138396,48.536638385461067
2020-02-24,98.764373752263836,3.1505239162905725,-0.16801728339777708,-0.062183584376183099,NaN,106.0491219034689,94.946637552854696,0.010113595844901417,0.68783190494117719,1.3742068168301347,76.065800109055047,47.604550014365998
2020-02-25,98.355670599060232,2.735845070880766,-0.38224887632394344,-0.069589898281397722,NaN,106.0491219034689,94.946637552854696,0.010202228849992332,0.96506264908875039,1.3449822334200356,28.954743830136707,43.709908225698896
2020-02-26,98.022005199232936,2.3349649564675579,-0.11819569278987006,-0.073356532722480439,NaN,106.0491219034689,94.946637552854696,0.010000129136469065,0.70060296090225904,1.2989551425259087,55.146567689120587,45.954661628392579
2020-02-27,97.79683345981887,2.0761284504730138,0.12975855321060659,-0.060842197390447605,NaN,104.50731047617967,95.443259341961323,0.0099898818123626085,0.33101613841716926,1.2298166422324273,70.899931515898047,47.606683876997778
2020-02-28,97.612322772467152,1.7134507883905128,1.0419679053229502,-0.030925129879849966,NaN,103.53079254220872,95.443259341961323,0.010009210008714195,1.6359517150400507,1.2588262902901146,92.57805381895713,53.91480481229928
2020-03-02,97.393033052057817,1.3179775916737377,0.38965368894851404,-0.05026108305679422,NaN,103.34363659715576,95.489835140703548,0.01031022809780398,3.1085322419348671,1.3909481439790257,34.692391266805259,47.078649387165733
2020-03-03,97.251503089186215,1.1675911694633552,-0.077089280834482216,-0.050159042640946949,NaN,103.34363659715576,95.847285602316859,0.010307506018245507,1.0160953928753145,1.3641729474716178,21.350709398342261,44.071521279396009
2020-03-04,97.109914617290556,1.108235156061153,-0.80480366325254904,-0.037743890980475925,NaN,100.89230168239484,96.354985277125436,0.0093994086438144771,1.0615155278152884,1.3425545603533084,10.816275171474487,40.540286600938799
2020-03-05,96.896901949282181,1.2251685346041326,-2.1483237515216285,-0.048308329660471605,NaN,100.1277407883905,96.099978797808305,0.010113603375911571,2.519112976847552,1.4265944472457543,3.554695607763577,34.396126301646731
2020-03-06,96.761038607231725,1.3404484170309086,-1.7343003261374108,-0.0415000675532462,NaN,100.1277407883905,93.713191577631392,0.0101275834503366,1.5902869608658392,1.4382867696471888,13.723895934765025,35.322795138011699
2020-03-09,96.741395093241749,1.3632381372198716,-1.229834107305309,-0.021499231436273969,NaN,100.1277407883905,93.651280250884284,0.0099062446316252276,1.8471609214157496,1.4674920662020861,51.340790299208749,38.739015714058361
2020-03-10,96.677680059381245,1.4499399096359571,-1.6715453640292088,-0.012609446713714667,99.872557455812881,100.1277407883905,93.651280250884284,0.0093395925611837183,1.666346976949356,1.4816959883983196,24.161842748924286,36.090784833441795
2020-03-11,96.641265423126924,1.4613209426488591,-0.53248722924693537,0.0035046173670181258,99.788398938401173,100.1277407883905,93.651280250884284,0.010102303139027319,1.6528952485653718,1.4939245069816807,75.545555543024719,44.23781506866726
2020-03-12,96.665859670911217,1.4603082861847523,0.12086791912270084,0.0025979603308774468,99.690289676532217,100.1277407883905,93.651280250884284,0.010054814790445026,2.7856046107589805,1.5861873715372021,86.597785307690813,48.537320946261566
2020-03-13,96.769872935450422,1.4486761567503692,0.5754209495339272,0.013004526986028386,99.576655047975819,100.1277407883905,93.651280250884284,0.010170717367944204,0.99473070545775499,1.5439404668172416,92.128186560462737,51.657316346871092
2020-03-16,96.875382889048396,1.4659609442162354,0.83845856866103208,0.027023005727264238,99.485036644589613,100.1277407883905,93.651280250884284,0.0099857352818687843,1.9322911990044958,1.5716798048306171,94.89941707196661,53.649561879004075
2020-03-17,96.996017500229129,1.5602726189104752,1.4547651549504306,0.034080308294836881,99.42336078132756,100.1277407883905,93.651280250884284,0.010221608100457486,1.3833645641599617,1.5582287162112844,98.062005170840592,57.972621760610018
2020-03-18,97.05537133675665,1.5643476035936195,0.42558316471392993,0.0089617712625271739,99.343093988668386,100.1277407883905,93.651280250884284,0.01073281366068121,3.5764357957539659,1.7023863647500475,37.011601453897164,51.140093218479677
2020-03-19,97.119222870641266,1.5961383826006976,0.84831695684454533,0.020088242681287838,99.263296710973179,100.33453564212846,93.651280250884284,0.010807281316615862,2.2601739338526272,1.7422283339716602,60.785637422435627,53.983856265058158
2020-03-20,97.157629197335339,1.6385175511811607,1.2573908127673157,0.020799806748075245,99.199155840874667,100.33453564212846,93.651280250884284,0.010827378104495947,1.1907143141257563,1.7028344754112386,77.557836500193389,56.672551122312015
2020-03-23,97.10410389756376,1.6188366305779986,0.037323957484132107,-0.013054722502397587,99.074885126365572,100.33453564212846,93.805895942885627,0.011451049219849773,2.4799924565080715,1.7583457597752978,23.090663272432693,48.292950785461727
2020-03-24,97.118572679746038,1.6220627381862849,0.29635096565800784,-0.0064718129134078151,99.004031798822183,100.33453564212846,93.805895942885627,0.01149603526664166,1.6743423196695773,1.7523455140534607,40.719466263498248,49.979333991829392
2020-03-25,97.098052449135338,1.6162929782132183,0.14698160569662008,0.00026431937809379136,98.888900736153886,100.33453564212846,94.407411820434049,0.011320202561017437,1.0353682919804328,1.7011328553339589,31.861424850316681,48.936952064534864
2020-03-26,97.108852595446635,1.6238070783117573,0.72260998876229199,0.0054857414996185572,98.794468579839545,100.33453564212846,95.001931963405283,0.011479002695059823,2.0455754439595637,1.725735897378645,73.404965729635762,52.747465767134187
2020-03-27,97.028723597866062,1.5424181195602806,0.49686913173795627,-0.0027647166329188844,98.6727822436022,100.33453564212846,96.43186051557764,0.011513653300428377,1.3799431593243838,1.701036416089055,45.103012882112886,50.652704629922717
2020-03-30,97.023546003921695,1.5394872233322856,0.50633093148280583,-0.016043105245825751,98.55403416243243,100.33453564212846,96.43186051557764,0.011082489148278658,1.3158978673428692,1.6735265197500415,45.783804553362842,50.687047993782024
2020-03-31,97.07725699821367,1.5631113020784217,0.74112266459144516,0.0033616361878805456,98.452737182889777,100.33453564212846,96.43186051557764,0.010631612092720892,1.0583657179845432,1.6295864624810774,76.957331810870471,52.623833538082437
2020-04-01,97.128223383402755,1.5501846481626775,0.070383373010247968,0.00078051786494137687,98.319335728363512,100.33453564212846,96.43186051557764,0.010739596545912155,1.9035619175798644,1.6491561378452764,21.063994087843142,47.944574344997889
2020-04-02,97.313366340329793,1.4044777568199935,0.46589280735035743,0.018184741613429756,98.17924838203038,100.33453564212846,96.43186051557764,0.010610372686147789,1.6838159226952598,1.6516318367631322,61.730615052114544,51.35247275694671
2020-04-03,97.485238506038343,1.2338279751041095,0.3148763817782475,0.038284670954383593,98.041749625095107,100.33453564212846,96.43186051557764,0.0094534515722734924,1.0393415161839954,1.6078968138646224,54.505640823652449,50.890892414946073
2020-04-06,97.65616700498984,1.1116126956680623,0.74418123594043739,0.042855447528730828,97.919654240775486,100.33453564212846,96.43186051557764,0.0095019769154231284,1.375806399847221,1.5913189271490935,81.938371056405586,53.793071140489822
2020-04-07,97.838364627573071,0.7711257263654363,0.077325327584285508,0.029802331659773307,97.767934885135134,100.33453564212846,96.43186051557764,0.0095935404530273025,1.5904434518177624,1.5912563931968555,37.969341263570023,50.695047862987749
2020-04-08,98.00581545598979,0.6775729440802557,1.780371849583771,0.052603660711109335,97.66379122226634,100.33453564212846,96.614753627604287,0.0096484588620956383,1.865178050278999,1.61082222584558,81.804881616145536,56.720713620899474
2020-04-09,98.161961036171903,0.75118269288668049,2.4006339327130042,0.042791686290714948,97.611703462791738,100.33453564212846,96.614753627604287,0.0091404084997792449,0.85145564724092537,1.5565817559452475,89.947317716901793,59.756150011963257
2020-04-10,98.270881352477232,0.82066021748279527,1.8411962546435539,0.030353593739469442,97.545583075249468,100.33453564212846,96.614753627604287,0.0089781532956489957,0.59220356317118217,1.4876975993185284,73.851473256662288,58.676909853688599
2020-04-13,98.394235619805102,0.96675151343773924,2.2522645173402722,0.030410231915762198,97.511167744445757,100.33453564212846,96.614753627604287,0.0089801345437472094,1.5130969953588931,1.4895118418928401,89.70995494396881,61.870438156612856
2020-04-14,98.537650655996259,1.2685143448286931,2.8352046793417642,0.041074739786446157,97.554008842029987,100.9319375735443,96.614753627604287,0.0094663321507242187,1.659590698921761,1.5016603316806203,96.97341424933856,67.261428317008495
2020-04-15,98.87081929440852,1.8045616014047172,3.0554151269490211,0.051565130274167537,97.660703477369822,102.23120644952769,96.614753627604287,0.01022893249356748,3.728381002267696,1.6607118081511256,99.002177795186128,73.149419251864771
2020-04-16,99.07028897530526,1.971104677830614,1.7210444512946101,0.048520891421869328,97.739454499311066,105.1747618754796,96.614753627604287,0.010495239588353708,2.0349604439297906,1.6874438535638876,46.156408730761029,62.767109450415262
2020-04-17,99.288662123522201,2.2151400756329589,1.9396908578512411,0.051913537298875712,97.868090174424538,105.1747618754796,97.429946270834151,0.010602462955236957,1.5714634430462127,1.6791595385269107,66.837869371222325,65.819173584645469
2020-04-20,99.640251399426489,2.4097480043348751,1.8906787753742673,0.050176685752174377,98.042862218218829,105.1747618754796,97.429946270834151,0.010568649922700757,0.89369213563041683,1.6230547240343041,76.614252431231463,67.385946764080714
2020-04-21,99.965800067400465,2.5549378491393231,1.622131760285576,0.071484120262844009,98.214500328129361,105.1747618754796,97.429946270834151,0.0091995577110649176,1.1091775194791893,1.5863492094232243,70.738871796132955,66.920596297267835
2020-04-22,100.24357041129488,2.5559259695828196,1.0358102247283676,0.054219175901963235,98.340492353245665,105.1747618754796,97.667455613543751,0.0097601079562601445,2.8361151801270523,1.6756182073306405,22.295651155555007,60.542218399921531
2020-04-23,100.55377756244752,2.6788878721384481,1.4679962202089447,0.073464957734761471,98.503210267126775,105.1747618754796,99.151353790706594,0.01007274889196717,1.7748460104428432,1.6827059075529405,72.170590126951026,65.214290138857223
2020-04-24,100.81138026000585,2.6471749253600398,0.80681379247329366,0.047464588511112682,98.65168929205727,105.1747618754796,99.41884057818541,0.010702599782508647,2.358702083391691,1.7309913486842796,32.239988727577696,58.070026566529243
2020-04-27,101.10527996620269,2.6217750222254654,0.98244515246959285,0.060186311628100064,98.805423267968578,105.1747618754796,99.41884057818541,0.010619464183609892,2.03776265434918,1.7529035848032011,55.642532891051637,60.302972037833818
2020-04-28,101.4607490271005,2.6932160734977582,1.4422706148764834,0.077114778169210085,98.97526206626037,105.1747618754796,100.62726560435605,0.01097767282249951,3.0406088217877993,1.844882530302101,82.715262943975034,64.871231989210003
2020-04-29,101.7675415241724,2.5314084077394314,0.63428683419302279,0.052297337876986871,99.112044585042611,106.04582194466212,101.44638087321191,0.012004525648587339,2.1812741599802905,1.8689105038505431,33.809876594117227,56.564349025131833
2020-04-30,102.0206313185341,2.3800178115989414,0.4238905226251703,0.059567325312408714,99.228710082326003,106.04582194466212,102.17802870567236,0.011733564806477845,1.2051540007637982,1.8214993250586329,28.032487755847256,55.236747779070932
2020-05-01,102.19964038885854,2.1777437782250408,-0.34242650363660526,0.035585409164887283,99.28879335476995,106.04582194466212,102.17802870567236,0.012318756093204326,1.582089658078047,1.8043986345600196,10.921388810542169,49.5008166152681
2020-05-04,102.3645705578799,1.9990627408122683,-0.29141599751733982,0.039931751141111915,99.359732963021912,106.04582194466212,101.44740865447194,0.012306816491425196,1.0109263603911103,1.7477220435479546,28.97650160532406,50.650026430325688
2020-05-05,102.65365360890061,1.7173499275670046,0.59743187571576228,0.052762642678263694,99.487128089071248,106.04582194466212,101.05217131585569,0.01281110194137481,2.1757650817905159,1.7782965462795661,78.765108691870992,56.77689774521879
2020-05-06,103.00604432828746,1.6969699299883236,1.9174867236106365,0.085415127281848857,99.657406873888121,106.04582194466212,101.05217131585569,0.013537501429289483,3.573167326671836,1.906501602021871,92.693762566866027,63.426044301632956
2020-05-07,103.21017458961217,1.5512337752493954,0.54002584821861188,0.04874134677218489,99.777039914709022,106.92235623061684,101.05217131585569,0.014381246441383486,2.375186583546153,1.9399791007021767,43.627723626897776,55.538240213791219
2020-05-08,103.38925516343087,1.3248453389668546,-0.019448168821749569,0.033993940650818733,99.856356031634931,106.92235623061684,101.05217131585569,0.01445608623153887,0.89599615420232226,1.8654088902379014,32.863588252751967,53.328524390387564
2020-05-11,103.57422990492958,1.1585688151122702,0.6015013234950487,0.044990461245188129,99.98364648559442,106.92235623061684,101.05217131585569,0.014512073575685088,1.3078958894655983,1.8255865330398797,59.419602069099859,55.837971240603487
2020-05-12,103.78242429463437,1.2561792674651655,2.0025899383011536,0.056938734284202708,100.16637732420921,106.92235623061684,101.05217131585569,0.014950337465331186,2.0516250051287983,1.8417321381890883,85.332673503269959,60.894806124111653
2020-05-13,103.90663601901625,1.4296853813973529,2.0718562391522943,0.046356583038156263,100.37939203806005,106.92235623061684,101.05217131585569,0.01467758185506722,1.3947934903912795,1.8098079490606733,89.211927867567326,62.206998921245962
2020-05-14,104.08089890457966,1.4565701098486665,1.281782825331695,0.014977331738751376,100.61305328143006,107.2284877800044,101.05217131585569,0.014126873440082838,1.7440229470960276,1.8051090203489131,48.131856227193026,58.779740576678932
2020-05-15,104.21954384845159,1.5366853231914137,1.3917645166498853,0.038019710560792674,100.85149227091247,107.31929261174785,101.05217131585569,0.01343121780367445,0.56763219005733845,1.7167178181852292,63.224428193632548,59.841521894669782
2020-05-18,104.32817555307106,1.6100016675145201,1.2675572862553031,0.026872485784195099,101.07757440215055,107.31929261174785,101.05217131585569,0.013271718353660233,0.15407162705228927,1.6051002331043047,63.774002080285818,59.870541101105971
2020-05-19,104.42971525096127,1.6588324914543122,1.0316440108955718,0.018664087390401818,101.31531440476135,107.31929261174785,101.63329423235618,0.013249832147812319,2.3695682616283307,1.6597050922845924,38.963035552846947,58.894071347805287
2020-05-20,104.54722539943461,1.6270346029570917,0.42654423760170829,0.010863308658083826,101.50287634376876,107.4858768021449,103.107530995011,0.013405815898276557,1.3339201638384566,1.6364347402527257,9.5684132251616205,55.074794535970213
2020-05-21,104.6110645712311,1.6494157105827465,0.69848594894354443,0.027914325998549705,101.68129222725474,107.4858768021449,103.107530995011,0.013131124912904723,0.83710999376815209,1.5793401155038276,51.774896376241486,56.823832485076274
2020-05-22,104.77303069641371,1.6364203242473234,0.86374465482403462,0.016271070502090534,101.8529523964426,107.4858768021449,103.107530995011,0.012747359255867544,2.0496555880582434,1.612934077829143,72.553973845300021,58.243781605886142
2020-05-25,104.89397355945243,1.6408453853066252,0.73493446718089972,0.030624739566280645,102.01285953613019,107.4858768021449,103.107530995011,0.012249054538223933,0.090595787698944719,1.5041956285341289,61.681075691306809,57.824854733379986
2020-05-26,104.91920678137708,1.651990509200165,0.56329202943500567,0.020917324389887693,102.14453777871957,107.4858768021449,104.33637164046894,0.012206284066204314,1.0070752296261958,1.4686870286121336,33.059589336720762,56.559365415065251
2020-05-27,104.96362047986568,1.6198662973262077,-0.43347155384708869,-0.010286581506836479,102.27534424228621,107.4858768021449,105.00467403848022,0.012180228836284937,2.1428070245938784,1.5168384568965438,4.7960507860113495,49.196669853359467
2020-05-28,104.99644826432014,1.5848819295653986,-0.8268087598427265,0.0030266404768610755,102.37960023979754,107.4858768021449,103.98012339239564,0.011511009081470926,1.2744010455844688,1.4995214989456813,2.9615591510251136,46.818875837348131
2020-05-29,105.18523414901952,1.3478492937892583,0.032946373335281748,0.021354491854634228,102.49983533544363,107.4858768021449,103.31285631065978,0.011910734602554519,1.8059165730671225,1.521406861382927,68.207203414595099,53.334815163510129
2020-06-01,105.34717300405505,1.0867114080891658,-0.3003411998332402,0.035157493000478546,102.65696060561842,107.4858768021449,103.31285631065978,0.011336603724938272,0.47400378245683328,1.4465923557453488,57.707485670673684,52.399328319905145
2020-06-02,105.32583861047199,1.1246958038393831,-1.8430523859607408,0.014451999975839458,102.77003446136163,107.4858768021449,103.31285631065978,0.012026284607991641,1.8201797137346034,1.4732771670302955,16.003104835541365,45.176257485724086
2020-06-03,105.26039939899822,1.1053937556683904,-0.27973922186655786,0.012263970541291691,102.92234565383329,107.4858768021449,103.20060908214248,0.011871410610809692,2.0385758660385136,1.5136556455308825,64.832156546213668,52.018627219502683
2020-06-04,105.34064642809865,1.0704404920510222,0.29163235238649321,-0.0057137243713829555,103.06975744776983,107.4858768021449,103.20060908214248,0.01061065941829707,0.95986012211915295,1.4740988224300449,76.243778348737948,54.542971215575854
2020-06-05,105.59207851125723,1.1677477260472477,2.3978231231570488,0.041752412901588931,103.28169799699138,107.4858768021449,103.20060908214248,0.010970460323234704,2.9965786615854171,1.5828473823697142,93.277246071271307,62.776748037474881
2020-06-08,105.803823900521,1.2928635554443595,2.090084799710612,0.049751890640461927,103.49575764423415,108.64940016847066,103.20060908214248,0.010796921987402798,1.0301513563115208,1.543369094794129,93.65550333367797,63.076197509036852
2020-06-09,105.88588705110128,1.3753420486626793,1.4930192957190365,0.035179338428106277,103.68982934536423,109.03001672679144,103.20060908214248,0.010813617108337524,1.1655071559462868,1.5163789563049974,60.03685091155895,60.469315838223523
2020-06-10,105.84806152220217,1.3571713409669401,0.19464491205387838,-0.0017479931370301127,103.86732729357978,109.03001672679144,103.20060908214248,0.010742974806811644,2.2223534683409127,1.5668057071647057,18.113179135060747,52.881269023954836
2020-06-11,105.94285336691914,1.4288278266049455,1.3303835124853567,0.0091233766387646131,104.06484809206574,109.03001672679144,103.20060908214248,0.011270738037159339,3.5493872175393051,1.7084186721914629,64.757959674597828,58.230698315100042
2020-06-12,106.18764993659768,1.8585301777129757,2.7260947776129072,0.050083801751624302,104.33245684313619,109.03001672679144,103.20060908214248,0.012941488046438533,3.6989007604077528,1.8505959642069121,89.135895237670837,66.337188713431146
2020-06-15,106.37903393153719,2.0639131063564085,1.849685848259804,0.036089131926257512,104.56672117276946,111.50061373101146,103.20060908214248,0.013192684059547254,2.3954844020419017,1.8895165669094112,62.376356305449278,62.299457947636618
2020-06-16,106.54083514546258,2.168469751031171,1.3079403056212318,0.028280051472165502,104.79630261191713,111.93559398088074,103.20060908214248,0.013342130575878209,1.6440394468430668,1.8719824869046722,42.568961054413244,59.287780242489958
2020-06-17,106.74762697049519,2.2342185514406103,1.1768934431978695,0.030487964720361305,104.99960094957085,111.93559398088074,103.23311681743256,0.013321757731385452,0.14220971405813998,1.7484272888442054,42.568961054413244,59.287780242489958
2020-06-18,106.92832226376103,2.2957015161155452,1.0666638730713833,0.039298634134590893,105.18783671829033,111.93559398088074,104.92580185677957,0.013130891385745313,1.551769497066573,1.7343803037172318,42.568961054413244,59.287780242489958
2020-06-19,107.08785147025249,2.351613992531822,0.97346446796719366,0.034169799053501926,105.37974044355262,111.93559398088074,105.17365018604137,0.013118062284862366,0.43267868129196074,1.6414016164011411,42.568961054413244,59.287780242489958
2020-06-22,107.25171030754886,2.3929623377826452,0.88816852369570065,0.030046990254247952,105.55584941122763,111.93559398088074,105.17365018604137,0.013111745113293586,0.85194237630450687,1.5850116706799529,42.568961054413244,59.287780242489958
2020-06-23,107.4280755208711,2.4140888695912421,0.80733921523592811,0.03088765527083015,105.70070772466941,111.93559398088074,105.17365018604137,0.013105775750041326,1.1233361488642828,1.5520348476931194,42.568961054413244,59.287780242489958
2020-06-24,107.68385600164197,2.3304762478509926,0.72655026382529231,0.033323686996045598,105.8005589251795,111.93559398088074,105.17365018604137,0.013080877430002177,0.088848390251470732,1.4475215293044301,42.568961054413244,59.287780242489958
2020-06-25,107.96840650827785,2.1576842414116206,0.65285624237457907,0.049065204768347748,105.93884725298651,111.93559398088074,105.17365018604137,0.012523970879485183,1.0711173972325696,1.4206355198707257,42.568961054413244,59.287780242489958
2020-06-26,108.17577767024306,2.0784590404547445,0.57796975582968102,0.054886939111673527,106.05468155413189,111.93559398088074,107.8017129706037,0.012407793078019076,1.5801039722946797,1.4320261236152938,42.568961054413244,59.287780242489958
2020-06-29,108.39359143716706,1.9550222142279554,0.50304937203897837,0.039413070348121693,106.15829662071455,111.93559398088074,108.40525353219545,0.012093195709630834,1.0862787240342016,1.407329880788073,42.568961054413244,59.287780242489958
2020-06-30,108.69979637759859,1.5438516038920911,0.4386870830400334,0.041480123968090199,106.26363298544078,111.93559398088074,108.40525353219545,0.012068954536906113,1.7240122043540111,1.4299500467570687,42.568961054413244,59.287780242489958
2020-07-01,108.78415130877065,1.3638468157270054,-1.5733990435384371,0.032786571281198773,106.33857801282349,111.93559398088074,108.40525353219545,0.01281903827726783,2.8132396839538956,1.5287564494139849,0.019578463993468631,43.433195982227687
2020-07-02,108.74302670353067,1.4713964236861401,-2.6591727684394,-0.0011514688146279095,106.34545710420302,111.93559398088074,106.56382445040279,0.012958127267393302,2.6705349905472957,1.6103120594949356,0.0084402816803930136,36.495156650998354
2020-07-03,108.6168257564705,1.6052318091594249,-1.7123468842333851,0.0020377171156262808,106.40387619557718,111.93559398088074,104.59310085910575,0.013059323157391254,1.4518451795113663,1.5989929966389664,39.513073024911527,42.202446338460156
2020-07-06,108.44915311603775,1.7827411215825864,-1.8491678454757772,-0.029887459757250934,106.43330690416809,111.93559398088074,104.55119695417791,0.011715612005793239,2.1903818518950828,1.6412350577286892,25.577927885456447,39.56234137619392
2020-07-07,108.34812029948475,1.8683588414057635,-1.3003269547237801,-0.023845455467942367,106.44477785431791,111.93559398088074,104.36283944640212,0.011858383620957586,1.6375152388629886,1.6409693563811392,57.597978602588206,43.628310455051903
2020-07-08,108.37461945948493,1.838497639460321,-0.94229560255684086,-0.012016828516163813,106.51015846770476,111.93559398088074,104.36283944640212,0.011939380765166261,2.5560344221248101,1.7063311467914013,76.609011434662932,47.238773376749215
2020-07-09,108.40144961332615,1.8342530815097584,-0.011505602525634328,0.021374703465246059,106.61717540998252,111.93559398088074,104.36283944640212,0.011855979896865989,1.7743148225759739,1.7111871236331564,92.583791222509447,54.738112130972077
2020-07-10,108.31245152703279,1.7286982331943623,0.67204678809127683,0.015118867697763161,106.77758129840582,111.93559398088074,104.36283944640212,0.011529120537454899,1.1551120506121322,1.6714674755602261,96.011946782446898,58.715208742290756
2020-07-13,108.34520357037168,1.771939164348407,1.4145305568265554,-0.0036179646218718053,106.9589743777661,111.93559398088074,104.36283944640212,0.0095629996963377852,1.6976908951204024,1.6733405769573815,98.157238466548066,63.110879025281648
2020-07-14,108.41317204670388,1.838426823017411,1.2637226487393465,0.0048985970813142377,107.10010998703838,110.92952222944294,104.36283944640212,0.0093233810032713697,0.50840291175509833,1.5901307437286469,90.052327913986886,62.511259412026646
2020-07-15,108.43658643148194,1.8542630369633755,0.75974409798022058,0.0042814067031988756,107.17181779084858,111.01753665386107,104.36283944640212,0.0093495047486160856,1.8349929411914019,1.6076209006902722,39.54818893990825,57.927854669723104
2020-07-16,108.41363035626787,1.8448249474402321,0.27336592260817943,-0.0041976031073319708,107.26921902495258,111.04047297974645,104.36283944640212,0.0095401635392997775,1.601798263747483,1.6072049980515015,18.246921664346317,53.528831787622018
2020-07-17,108.360497920586,1.8308666410876324,-0.025169774156412424,-0.0097154620307968731,107.36823754641463,111.04047297974645,104.36283944640212,0.0096119697997499916,1.6217235889953088,1.6082420402617734,10.727007574224544,50.823955679157969
2020-07-20,108.23603800596713,1.8426927301402658,-0.73163156392595652,-0.022757954897375754,107.42057265164266,111.04047297974645,104.36283944640212,0.010004801127909089,1.5847611964741901,1.6065648371340888,3.638439910074311,45.031641747393557
2020-07-21,108.07817717360976,1.8747560710232951,-0.99123812165422842,-0.02886543602294589,107.41900887625958,111.04047297974645,104.69803617739558,0.010064848162581705,1.0866429447040389,1.5694275591033708,2.2474945490375262,42.584168204804868
2020-07-22,107.91601178201047,1.896634263969444,-0.93969381103017502,-0.029652540572876029,107.40430923037718,111.04047297974645,104.84932806476644,0.010060984420006943,0.7352490330664665,1.5098433786721634,2.0458996763076271,42.265352509639776
2020-07-23,107.77149037706454,1.8895546873443709,-0.67997732493905105,-0.026426272471238299,107.41508384198042,111.04047297974645,105.82476957402935,0.010109894703348705,0.76353076137873188,1.4565353345797756,43.552853105045429,44.112324404696764
2020-07-24,107.60695159082528,1.8856591720617353,-0.80643586273914958,-0.030086524545426485,107.40964465108132,111.04047297974645,105.82476957402935,0.010120388112937379,1.0134243772606339,1.4248845519141224,22.204114176795628,42.45301442126754
2020-07-27,107.32292466321898,2.0274849209672845,-1.78861950759078,-0.05193537234779011,107.35619626477369,111.04047297974645,105.82476957402935,0.011109553403624101,2.8520120421884059,1.5268222297908571,3.2405377866429035,34.186468985215598
2020-07-28,107.03595672318939,2.1252559914840954,-1.5989845002396021,-0.05247314732768471,107.306129574332,111.04047297974645,103.41689270585799,0.01110391704673163,0.8780583498068637,1.4804819526491433,3.1097941719409334,34.010923089586967
2020-07-29,106.90151875242061,2.2339961691250108,-1.3213998194006711,-0.049622355100814919,107.28029535401784,111.04047297974645,103.15131903212888,0.011157128136858077,0.60881771831502363,1.4182202216252777,32.138226012877595,35.890282964718494
2020-07-30,106.92713847412949,2.2118214410243628,-0.71633930681696945,-0.012149035461752944,107.27188666536233,111.04047297974645,103.15131903212888,0.010376485620017738,2.2836792255493918,1.4800387219055717,81.545777530399448,43.616994371077865
2020-07-31,106.93911162094157,2.206428501121795,-0.37686995735104828,0.012183931988244634,107.27030856538829,111.04047297974645,103.15131903212888,0.0097889671120511418,0.93705743454120238,1.4412543442366881,89.74418518264001,47.367346124258113
2020-08-03,106.94762750272608,2.1994880381532944,-0.73869204180826042,-0.0051500765059067088,107.25476848147751,111.04047297974645,103.15131903212888,0.0096965339522119328,1.2103155261805938,1.4247587143755385,46.948104282277136,44.124610558872561
2020-08-04,106.87386584260643,2.2597238619547664,-1.0755544732747029,-0.0067440658145296872,107.22664147880958,111.04047297974645,103.15131903212888,0.0097563822467510407,1.5096058466107252,1.4308192238209088,22.691918568719942,40.756848669142606
2020-08-05,106.89305937944798,2.2592828945724888,0.058878229111228683,0.010455562757663017,107.28193402753764,111.04047297974645,103.15131903212888,0.011084454281491055,2.7479354319082887,1.5248989529700072,80.838045852744486,52.276172711529838
2020-08-06,106.87577573058854,2.2486032024776224,0.51538515883302016,0.013057317687143799,107.36890639648988,111.04047297974645,103.15131903212888,0.011171954241732493,1.2368883270198836,1.5043267654021411,87.929103338126751,55.883765748888884
2020-08-07,106.92548478022461,2.318957683442644,1.527804435597617,0.019265976504289739,107.47368155088785,111.04047297974645,103.15131903212888,0.011678604083365711,3.9394156378387493,1.678261684861899,95.667152277040529,63.126996396357946
2020-08-10,107.05098217404361,2.5941999596093708,2.4325925001042212,0.035509693531169173,107.64049804576152,111.28295945028898,103.15131903212888,0.012783142473227581,4.7722006964605583,1.8992573285475174,98.283450515665223,69.531416516920288
2020-08-11,107.12855389770266,2.7298512551424881,1.889961669801647,0.012956074790662298,107.82119610193065,114.09259557444859,103.15131903212888,0.012753783266085303,1.7771504410562216,1.8905354080124248,67.866295848669012,65.017953404108653
2020-08-12,107.27838882532508,2.9594070404827719,1.8799919987125411,0.019014669804260587,107.97901356137932,114.09259557444859,103.46652045432599,0.012779884970980461,1.3054001578974521,1.8487400330042125,75.646362473115332,66.236148310774041
2020-08-13,107.50740216465167,3.255382586547992,1.8402774766661794,0.033254548561558517,108.1359213195738,114.09259557444859,103.46652045432599,0.012647918272649253,1.3322392824206162,1.8118471222482415,84.521016881525867,67.671626526002427
2020-08-14,107.80654330156658,3.5910245858706493,1.8074771425930629,0.049388515785797171,108.25402346253843,114.1058774772499,104.30631160474115,0.012481262294788775,0.90072298429504372,1.7467668266801559,91.799236752147962,69.378901078752648
2020-08-17,108.21602167046444,3.931533216313976,1.7452253795035122,0.062438760094380319,108.38545175962004,114.39893240090227,104.30631160474115,0.01238057668253096,0.79956653050609816,1.6791096626677233,95.724837661882674,70.989896369182929
2020-08-18,108.67459965304901,4.2113736046264822,1.5949208302186357,0.079555721596056062,108.5344939170387,115.09680468952359,104.30631160474115,0.01181813674558759,0.8971881602809475,1.6232581267829536,96.913855758751936,71.636602255687819
2020-08-19,109.15128536221114,4.4418906439239407,1.466984589617357,0.088944045975419161,108.72559876638083,115.66064727691564,104.3885462446415,0.011602178655062226,2.3010841000120053,1.6716742677278857,97.927484336069369,72.222934469370912
2020-08-20,109.5086915377487,4.5033546478181519,0.91622097993982177,0.070675000161574797,108.8414191103123,116.38977654585047,106.89136104455247,0.012500922176017207,2.3657372996898118,1.721250198582309,16.777554282879095,62.051356360882828
2020-08-21,109.87655048132551,4.5095633557320562,0.79096722197025882,0.065330557003927758,108.88520486897251,116.38977654585047,107.34354381245024,0.012548734052322048,1.6463549323035238,1.7159005367052529,14.513857798391953,61.178151732166569
2020-08-24,110.31492431670704,4.2983830389736486,0.49997358394274494,0.060118173384170248,108.93055241884166,116.38977654585047,109.32039487798804,0.012725653423650113,1.623535880767605,1.7093030612811351,6.093928849319056,56.772793727015952
2020-08-25,110.76644354207829,4.0257106640799121,0.47237530408710099,0.086517501030876742,108.99637293297833,116.38977654585047,111.79316926635677,0.011329622433046261,1.2786826359698011,1.6785444594731824,24.37659008189884,57.460167428255232
2020-08-26,111.17253499435886,3.6981834244243501,0.243041127520464,0.081376177740359656,109.05025856356336,116.38977654585047,111.79316926635677,0.011471474991135247,1.7701219731195721,1.6850857104479247,11.398718942559782,54.720233776136823
2020-08-27,111.55240573768806,3.4496860366027762,0.40227804804115314,0.086490273137969087,109.12152005493321,116.38977654585047,111.56606432311671,0.011501884707711275,1.8789890876314672,1.6989359516753206,65.257168713656895,57.869994079545506
2020-08-28,111.95152259643226,3.2421014398768508,0.65956899373225264,0.08303552467508335,109.21577701586025,116.38977654585047,111.39274688860908,0.011391424052598964,1.400145168324741,1.677593752864565,86.683161035663503,61.670067764727627
2020-08-31,112.41276240082709,2.88607855627609,0.73972930338863141,0.079542900443224873,109.31918931878884,116.38977654585047,111.39274688860908,0.011365064318694199,0.45779698710090599,1.5904654124528752,91.068901328725687,63.097239784030492
2020-09-01,112.94147195350263,2.2471439710805647,0.92389667117134833,0.092047590240972754,109.43200005186223,116.38977654585047,111.39274688860908,0.011076484577604328,1.0532920150267557,1.5520958840652952,94.671705836135388,64.556201703354802
2020-09-02,113.34919322489932,1.8157233244916808,1.0085865691504925,0.10280301721336116,109.54806891684063,116.38977654585047,111.39274688860908,0.010719833892043795,0.86091083623574605,1.5027255235060417,95.836266413140251,65.071739008315603
2020-09-03,113.67734012290359,1.3337911792913091,0.68996579128745639,0.070744703680297283,109.65247984234021,116.38977654585047,111.39274688860908,0.0098784725288662383,1.7103123729726804,1.5175531556108017,37.376574789055631,61.618182686591915
2020-09-04,113.8742168297255,1.1064241156987717,0.48057152236595169,0.05897421779227674,109.75305721468088,116.38977654585047,111.39274688860908,0.0098315606083614147,1.8702801883047471,1.5427479436603693,26.675122041628612,60.48144395486802
2020-09-07,113.89421702815814,1.1002685908346035,-0.12051559141965618,0.02981141153987954,109.84074828215806,116.38977654585047,111.39274688860908,0.008877304319987258,1.7611480849977994,1.5583479537559,9.1201225688089949,56.695191286532449
2020-09-08,113.99616371381401,1.0361908681577052,0.31908998973649627,0.008514242851727305,109.93974303641691,116.38977654585047,111.39274688860908,0.0069080707107442739,1.3095207104138495,1.5405745792314678,57.819730505098065,59.113142692882811
2020-09-09,114.07308494358433,1.0025630008766111,0.30660420733592819,0.018636090241645142,110.09458701530494,116.38977654585047,111.39274688860908,0.0065258894681485694,1.6434964899972044,1.5479261442861634,61.716186099274438,59.345295395595507
2020-09-10,114.15895867657522,1.0240549890227046,1.03190298487623,0.021035010317659308,110.30229410879173,116.38977654585047,111.39274688860908,0.0066188352817527054,0.97736735996404889,1.5071719454060124,90.120151119461212,62.877532314058286
2020-09-11,114.11546178388755,1.0362748810771736,-0.66407233369203722,-0.00062475973592457379,110.45347787350536,116.38977654585047,112.92063550221684,0.0074324900720056132,2.2944321548755653,1.5634048175109805,21.573740348943659,52.38266822653889
2020-09-14,114.09541702681165,1.0204443993895478,0.56947840759840473,0.0033185396734916051,110.64395732392975,116.38977654585047,113.12608949715144,0.0076676249002732922,3.5453692957584906,1.7049737088143739,61.977323212714325,57.694531731978934
2020-09-15,114.00913970530132,0.97713009984197363,-0.35131350130684763,-0.012266284290033957,110.79890167936544,116.38977654585047,112.04321196021152,0.0077495033284432097,3.2447212875426459,1.8149556787235361,33.800963414898604,52.583769427483972
2020-09-16,113.86089179090925,0.93635764063673832,-1.2371123413376017,-0.023302384534510723,110.92010769895067,116.38977654585047,112.04321196021152,0.0078961469292093255,1.4951264211644855,1.7921107317550324,18.107642313691017,48.200870237531085
2020-09-17,113.80263062560309,0.98609795076349671,-1.3518884047011095,-0.027647654367477958,111.00189151522325,115.91643196202079,112.04321196021152,0.0078576154120183501,1.4345910991682587,1.7665736151416915,14.786991082913445,47.176751855261536
2020-09-18,113.7177200629641,1.0866411322106755,-1.8151936054761963,-0.016627865676024034,111.04731228334521,115.83497311741465,111.90471003286636,0.007037850770761256,1.5689434991154485,1.7524571782826741,6.9091137891946346,44.043755949370272
2020-09-21,113.70301829751595,1.1063072420952165,-1.3857373958016499,-0.011225858400939703,111.07367830969957,115.83497311741465,111.19109421299713,0.0071038771874888801,1.2357976447229504,1.7155529258855509,42.706513898422827,46.295972631832399
2020-09-22,113.64127379289653,1.1977863402674989,-1.8434623687580691,-0.0091656220663719479,111.08761363145557,115.83497311741465,111.19109421299713,0.0069993456771489087,1.597398916561076,1.7071133537909453,18.296231470911891,43.058250872827543
2020-09-23,113.53996862744491,1.4052657224845486,-2.4868793260607496,-0.023279417360412169,111.09161144194873,115.83497311741465,110.92000933376066,0.007450240469991389,2.7650150583892241,1.7826777612622509,5.8017930198812735,37.708149105982002
2020-09-24,113.3412945712671,1.7363999911760482,-2.519371696732652,-0.02770278224048528,111.09258574093303,115.83497311741465,109.39642357843407,0.0076397197443491627,1.8196468907528782,1.7853184133687243,2.8145444751968682,34.156412560110866
2020-09-25,113.17324877884421,1.8207213673813387,-1.3424637566086404,-0.01957800296680412,111.14087735916368,115.83497311741465,108.53076185472858,0.0083290254896186602,2.8332452043790397,1.8601703270123182,63.771568697448899,43.517739012433246
2020-09-28,112.98691788716592,1.8628619983022003,-1.1626499665136552,-0.028651531682413856,111.21954127126847,115.83497311741465,108.3960184410016,0.0079478414168229605,0.4478136612032273,1.7592877080259546,65.999700752529876,43.965933426019838
2020-09-29,112.70163948398843,1.9693476643477357,-1.7211825117910813,-0.04570713775418922,111.2813849760138,115.83497311741465,108.3960184410016,0.0082769850485858772,2.263946748641672,1.7953347823556487,21.88206930042486,38.56428036090076
2020-09-30,112.41040532058511,2.0136589098552125,-1.5169307922142514,-0.04922530668373104,111.34582633227059,115.83497311741465,108.3960184410016,0.0081750036980739304,0.15497642111499488,1.6781663279813162,24.799575201276056,38.799266869570658
2020-10-01,112.04878234539346,2.2372083683920949,-2.0935159666227086,-0.067853117296712728,111.36339662967188,115.83497311741465,108.3960184410016,0.0088167152997225585,2.7512594416237164,1.7548158360986306,5.6420523357206918,32.679993468304104
2020-10-02,111.81491792609199,2.2222553179628926,-0.93880912056712762,-0.042487500625748464,111.43624374878767,115.7814332280275,106.84799809922535,0.010386626393326841,3.3342046014189606,1.8676293193357971,66.709008301712402,43.977399088947614
2020-10-05,111.51543072581947,2.3462475365156887,-1.5955508380058441,-0.057987021206695077,111.51775070719832,115.7814332280275,106.84799809922535,0.010943768826273346,2.4484959105115109,1.9091197901340624,32.201275596930373,38.25368305803682
2020-10-06,111.22035718705961,2.3451653849344112,-1.1918247356509488,-0.04690761746355776,111.61350322196508,115.7814332280275,106.84799809922535,0.011088200025207648,1.9238706874421609,1.9101734256560694,49.610499474432849,41.014611107383054
2020-10-07,110.95971854266502,2.2637255204751034,-0.79162267535363762,-0.045125899387179924,111.71786693140271,115.7814332280275,106.84799809922535,0.011156519863796824,2.5866426553155151,1.9584926563460299,68.177069204100249,44.074076162373146
2020-10-08,110.56477407250847,2.1691938887435023,-1.4973209246384545,-0.061755997305048438,111.75734834814331,115.7814332280275,106.84799809922535,0.01159238025426833,3.1872039786046003,2.0462577507930706,24.028667340942576,38.686331892345514
2020-10-09,110.28023430083074,2.1470718495801084,-1.1847435052624096,-0.064914592702110641,111.78992694546093,115.7814332280275,106.53624977681395,0.011465103165292406,1.4573290225337843,2.0041914130602643,41.274930872974068,40.463611478242534
2020-10-12,109.99971468928322,1.894050683427118,-0.49289538552654916,-0.038448895865973443,111.86479219855249,115.7814332280275,106.53624977681395,0.01157091086176423,1.6240589013579125,1.9770390907958106,75.915917192767424,45.821514696483121
2020-10-13,109.80205837292704,1.6861900765348943,-0.052973856625087995,-0.043285259391544484,111.9701786914936,115.7814332280275,106.53624977681395,0.01134022359884794,1.1480113116945603,1.917822820860007,84.695957115900612,48.259983654495265
2020-10-14,109.67142960592109,1.5449487582442951,0.27088746438884892,-0.03145996369310422,112.03145578953983,113.82127819916516,106.53624977681395,0.011289572501602944,2.1635706296878681,1.9353762357762829,89.262931932330972,49.682765628191348
2020-10-15,109.61717010914791,1.4581218573577222,1.2119537105470248,-0.011695976136329,112.0984492666469,113.33930113203462,106.53624977681395,0.011521940613858521,1.7048270772014291,1.918908438735222,96.477446830137879,54.3244674128916
2020-10-16,109.61156260546019,1.4496984521053065,1.3944578240933727,-0.0074369497150458264,112.12174341343933,112.76003771211258,106.53624977681395,0.011530848890648475,1.2776887522503841,1.8731070325577335,97.200460206427266,55.180171505672405
2020-10-19,109.60898034337788,1.4449396542440118,1.7366409652495038,0.0033385373498902027,112.09687757743312,112.69287367728963,106.53624977681395,0.011483446551601419,1.4982706622457442,1.846333006106877,98.445310967333441,56.877190502411054
2020-10-20,109.63639838007298,1.485995795619985,1.5781754629070286,-0.001679651900290402,112.09075142440349,112.71244695522923,106.53624977681395,0.011457438875913613,0.80686406207826167,1.7720852243905474,78.714550608328295,56.230934396986513
2020-10-21,109.77751873168737,1.6516501666676098,1.8709353333648968,0.012872731298181339,112.09126340449343,112.71244695522923,106.53624977681395,0.011479217149926889,1.0442014680590148,1.7200935275097236,94.082650937772343,59.446063654626919
2020-10-22,109.9108502141989,1.6899369719253701,1.0192315121435893,0.014430836272127712,112.05396496075168,113.02576195076246,106.53624977681395,0.011396843923570021,1.6823101638189826,1.7173947158175278,31.240519496085682,53.545369974420609
2020-10-23,110.01104051250884,1.7970024893862386,1.5146121399484953,0.034562358824478778,112.02267624354033,113.05918946578015,106.68907536106452,0.011293937282927161,1.7566647411172625,1.7201997176246517,68.602308420322004,57.584160298755116
2020-10-26,110.07423355536096,1.8484719941295678,1.0877572153039017,0.012245446241941682,111.96282602522689,113.05918946578015,107.50028533283044,0.010893336600134711,0.99002644412900054,1.6680444838035338,41.821711343918572,54.57336583576928
2020-10-27,110.14166811001681,1.8437975383545802,0.28151448126994844,-0.0014468155017912654,111.86821235880073,113.05918946578015,108.85200836676448,0.011275105381471804,2.252574614612314,1.7097966360041608,15.396701408756485,48.562466675586123
2020-10-28,110.23288499987265,1.8479961560077209,0.51259679809085912,0.017089876944824445,111.778466187335,113.05918946578015,108.85200836676448,0.010870865197114794,0.9449817391909221,1.655167000517501,42.088231030011748,50.695479196723241
2020-10-29,110.53942653778196,1.8557343952971292,1.5931995081835453,0.037859506633297624,111.77569062968497,113.05918946578015,109.80267768992714,0.011709098221412948,2.7041794149183573,1.7300964586889906,84.812468256311305,58.882023949461221
2020-10-30,110.79538315643973,2.07777070160141,1.9503564945601444,0.069693245619316224,111.80377681883314,113.5508896495958,110.24271993348709,0.01095161682599868,2.1125311433104486,1.7574132218762377,91.840268918412733,62.768169612513383
2020-11-02,111.11546763135414,2.0805730194406862,1.4698332339802851,0.040508279869849284,111.83796803305697,115.38996337782685,110.24271993348709,0.010232263541932607,1.3324557389407943,1.7270591159522775,62.836202103083764,59.735724811019175
2020-11-03,111.45262732013782,2.1662944674285702,1.7153242938616469,0.068632483639841313,111.88797673318869,115.38996337782685,110.24271993348709,0.009260706871915679,3.5784625836001851,1.8593022207842709,80.765119547380465,62.606769423787888
2020-11-04,111.72308587740781,2.2033571906121825,1.2951996026932402,0.056735285955335168,111.93808728462216,116.44147107586306,110.24271993348709,0.0094093124790343083,0.81013101280392164,1.7843614202142459,51.320132502737948,59.872798317966783
2020-11-05,112.07928664437527,2.0219052746184327,1.167969339569831,0.048302820539562585,111.96810071081811,116.44147107586306,110.24271993348709,0.0093944635925971749,2.2431451103544191,1.8171316837956868,43.95035159490908,59.232194047103725
2020-11-06,112.42237134795846,1.8181097937353536,1.1967525849713059,0.067849624956137999,111.97826644607136,116.44147107586306,110.24271993348709,0.0083053187326571996,0.56413308316649591,1.7276317837507447,57.927741059747092,59.768417133730054
2020-11-09,112.54351148132113,1.6562238463746177,-0.63672731732950438,0.034829825299059536,111.91709183075007,116.44147107586306,110.24271993348709,0.010608803482034412,3.5280549658918261,1.8562334396179647,5.3375288533832048,46.700275963101369
2020-11-10,112.64683112842106,1.5299803287230498,-0.56713396150452278,0.024874643318687939,111.85232236146091,116.44147107586306,110.24271993348709,0.010328857812407962,0.89453136895839691,1.7875404345708528,19.054305584213239,47.846372648774498
2020-11-11,112.66431854451506,1.5009404955539634,-1.4821596003117885,0.0066259473165140026,111.75750591738601,116.44147107586306,110.53580545530332,0.010655137206676197,1.5617273956240041,1.7714109317889351,8.1508367289084163,43.225929930689873
2020-11-12,112.5727090661799,1.6332563742716406,-1.8494048918856443,-0.0048849162339826835,111.6565968439573,116.44147107586306,110.21739992794436,0.010783308110062754,1.1190911325650319,1.7248166604157991,4.6355481943663079,40.439288551380578
2020-11-13,112.37421501880961,1.9616746776722838,-2.4015144127927064,-0.033407937658107234,111.52174268907292,116.44147107586306,109.34999299876127,0.011032448148895103,2.2299020068457907,1.7608941851607984,1.6346590669941463,35.233242393259161
2020-11-16,112.05596576367918,2.4587125502725375,-2.5633859176980338,-0.052670480388890439,111.36157707164152,116.44147107586306,107.44206509579344,0.011538512856056542,1.9421097369367715,1.7738381531447964,0.70792251536921924,30.901518779564512
2020-11-17,111.68660870090666,2.971803709476474,-2.3864932434932666,-0.067106806410255238,111.16692941924062,116.44147107586306,105.72111527023236,0.011567130159291467,1.5647234294436458,1.7589013871661427,0.41937940764509563,28.603485711072082
2020-11-18,111.3266011928348,3.2447807656383141,-1.7440629663912466,-0.056384830056483537,110.99266990419368,116.44147107586306,104.51024498392609,0.011932756417319463,1.5777556388162139,1.7459624051411478,43.252590262006095,33.532394469817547
2020-11-19,111.13661986272811,3.3358354234689149,-0.9901445413350245,-0.044600811541853136,110.84502943521292,116.44147107586306,104.36137743649908,0.012778227717375482,3.1364285690596319,1.845281416849611,79.263374997966423,42.20600439184151
2020-11-20,110.89164950895334,3.3918745527095391,-0.90164133091395027,-0.034039058607616801,110.73315133356671,116.44147107586306,104.36137743649908,0.012621653053214396,0.22534121421578845,1.7295714023757665,79.251051360025116,42.205277685988314
2020-11-23,110.75181591175514,3.3977342823279399,-0.43074750108284804,-0.030555010324615828,110.62538557920431,116.44147107586306,104.36137743649908,0.012810068219078622,2.5068095304511928,1.7850884115240113,92.328112682936577,47.537738678851206
2020-11-24,110.66754402128137,3.4209347176900282,-0.49467708471971605,-0.027743573642342811,110.53157408519277,116.44147107586306,104.36137743649908,0.012776535281739488,0.6787416196941507,1.7060636406790213,72.633189315479768,46.542899803523852
2020-11-25,110.43530658867874,3.5398939586633724,-1.1016977835904531,-0.037278904520083866,110.40823210644281,116.44147107586306,104.36137743649908,0.013371118072549712,2.6687664561570585,1.7748281274988809,16.789907294432751,39.587402008705325
2020-11-26,110.09847079944578,3.5538156805793113,-0.93961117304550035,-0.03976335307717449,110.29402669922209,116.44147107586306,104.36137743649908,0.013320787120410372,0.54854645392852319,1.6872365793867126,27.077678666400686,40.466457301032293
2020-11-27,109.72427818840649,3.4188636631730942,-0.69039128295827001,-0.054028848035608479,110.20640006901013,116.44147107586306,104.36137743649908,0.012409972890530316,2.751150862066595,1.76323045672099,56.279441835148965,42.884027118665763
2020-11-30,109.35785881326106,3.3078199211737407,-0.75961913737664399,-0.069680071026480106,110.09990423935501,116.44147107586306,104.36137743649908,0.011963079717030384,0.86502014640659297,1.6990725774128188,33.358510423934973,41.333252827038891
2020-12-01,108.96270998405824,3.038202825026739,-0.55860711679885233,-0.060504503457313175,110.01655120965341,116.44147107586306,104.36137743649908,0.012051414558713246,1.084130992450099,1.6551481784869104,59.856208488908287,43.128040944930049
2020-12-02,108.63574027081465,2.7393995813881884,-0.21839139659308043,-0.061918357353216047,109.97639594197004,115.69918577579244,104.36137743649908,0.011982633662209176,2.7546351274088181,1.7336829605527611,83.68326628097897,46.372463784637176
2020-12-03,108.26149853312793,2.3941104213956179,-0.54530620749638392,-0.066513405028269634,109.93618229556239,115.69918577579244,105.17977913351855,0.012073537713909852,1.1042053768718887,1.6887202760041273,31.422649830792693,42.697320596921159
2020-12-04,107.78702485610434,1.9760038142486602,-1.3554120867025465,-0.08154507652219245,109.82377687697539,114.94735160257608,105.72248834600559,0.01244378427867031,2.1012453472626333,1.718186352522592,10.028429661854574,37.264867497773473
2020-12-07,107.45565144798384,1.8756842339155513,-1.3830532073388242,-0.084963975706739414,109.70458525507725,114.93034126099684,104.99750773799192,0.012390219811194873,0.91212638986245054,1.6606106409040104,8.4824405212737162,36.593764618780888
2020-12-08,107.09807580802665,1.6795014609646757,-1.4709491721332844,-0.061542727612968973,109.61089689107619,112.17421570300031,104.38727501378406,0.011216373649863515,1.534865920659513,1.6516288751722605,6.5672014190625703,35.934551868669701
2020-12-09,106.78694308941435,1.602494334056648,-1.6036950817924192,-0.067652134144783438,109.50812102491778,111.65330034348983,103.92130979578846,0.011144722394245247,0.88382180910558361,1.596785513310355,3.6630846239794863,34.750952147040806
2020-12-10,106.58386879186241,1.4867999135740428,-0.73526908027241378,-0.044811920503287084,109.47063142254497,110.4690841313263,103.92130979578846,0.011446176555560307,1.4268199528583665,1.5846451161352131,74.265711673513195,41.218812316704344
2020-12-11,106.58721556207483,1.4894304156321916,0.76737042385252185,-0.016631314076638981,109.43066174346612,109.71161124504478,103.92130979578846,0.012428999949113267,2.2786342731009626,1.6342157702041951,92.806172345928005,50.508554063866903
2020-12-14,106.66080082809849,1.4824025470341333,0.38062611950210945,-0.0040699417096582424,109.41972511255321,109.71161124504478,103.92130979578846,0.011884819769968529,1.5485504497254681,1.6280968187414289,70.042426904283403,48.641316941188968
2020-12-15,106.83910609476618,1.4344669266374921,0.92119130898203105,0.022762288174740908,109.4144289823233,109.71161124504478,103.92130979578846,0.011313209995990697,1.9480394002253547,1.6509498602759951,84.303327145130808,52.168104439961105
2020-12-16,107.02680743729812,1.5163634880942538,1.5792510552840355,0.04615071133312032,109.41950546204701,109.71161124504478,103.92130979578846,0.011180300944791876,1.3715167116236415,1.6309903496579696,93.125640177274605,56.504004514296376
2020-12-17,107.15487810183569,1.6866967319490742,1.9210304703444252,0.044740101993217873,109.48107104694398,109.71161124504478,103.92130979578846,0.011135125754912139,2.5730333863901222,1.6982791379959805,96.319647702400232,59.552461967905884
2020-12-18,107.35445945148729,1.9815886463895516,2.2560498480069868,0.037014060038176089,109.56284139382959,111.15404119668081,103.92130979578846,0.010623157559326264,1.494420663127471,1.6837178183625154,98.443751328762602,63.589017914353491
2020-12-21,107.45691242296418,2.133946122462675,1.8184139355843032,0.032493779497868802,109.60826467267697,111.8894945812677,103.92130979578846,0.010702142271465657,2.3223739851242442,1.7293361159883531,70.635080414467041,61.340509924075988
2020-12-22,107.62633966829794,2.3810554264203647,1.9896602128316248,0.028141914106548649,109.66128660334144,112.89055234060544,103.92130979578846,0.010503130460658964,2.0115017040509571,1.7494908008499677,86.585978531687402,64.209131792105609
2020-12-23,108.05764624445749,2.8981642318178693,2.4511718352661198,0.056767538787521721,109.76271876185768,112.89055234060544,104.0865071864726,0.011629719680984751,2.9543463732352819,1.8355519131632043,96.613378781563028,70.609975457292535
2020-12-24,108.53530406683592,3.4142130099161752,2.2778655687778815,0.091772385980588789,109.8612802822976,115.17125704024029,104.29367942843633,0.010195558120657436,2.0062348318807608,1.8477435502144584,97.903039402612578,72.767533408524969
2020-12-25,108.94136067713387,3.7353887389651241,1.751811258168295,0.081733335020739428,109.93831929767984,116.73902176065894,105.67869120295951,0.010486304761907041,1.960033111987002,1.8557642331982116,63.264104976162159,68.854207366903339
2020-12-28,109.41736289702234,4.0477256948965703,1.7164841500127359,0.08383910534768324,110.02325726081304,116.94835501289256,106.69603533069579,0.010512368431969461,2.1317402446966014,1.8754768054480966,79.041271467209867,70.661767443610358
2020-12-29,109.96292812977045,4.4570648441912191,1.8428999972069771,0.10605698729688595,110.14716310953263,117.04671946470582,106.69603533069579,0.010607909494700142,2.0298023873084929,1.8865000612952676,92.42812876984614,74.005738811226735
2020-12-30,110.49789900552109,4.8394997727790425,1.7024481592587406,0.1069434539550278,110.26454805150381,118.30407402500306,108.28353327797254,0.010605833129068818,0.96452715003536582,1.8206448533481316,94.571775027922783,74.956053913983553
2020-12-31,111.04871189181384,5.0379974658701743,1.374260535034723,0.091956551643309625,110.39132696660869,119.00489425756462,108.58100781029069,0.010872513224935199,1.7697680301775449,1.8170107945502327,53.337353454635299,71.132297484527356
2021-01-01,111.80393211769243,5.2291838820835075,1.6081281500909348,0.12394964030267497,110.54093351904913,119.04951735970643,110.40528138950413,0.010812022345851342,3.3379945293795856,1.9256524898951866,86.876012447845568,75.135435534151071
2021-01-04,112.48382075375635,5.1625860856470238,1.1574494295499189,0.12701635967436964,110.66842013443565,120.66030918946672,110.56817835548119,0.010540404064612163,2.0217038856432623,1.932513303877192,40.88128383068333,67.272449846824514
2021-01-05,113.21308011496282,5.0226666818114971,1.1945291244026759,0.13685980159753774,110.83946169305483,120.66030918946672,110.80389515621927,0.010375185408104708,1.0581339535205814,1.8700576359945771,59.366795232817886,68.783980965736745
2021-01-06,113.96349988614163,4.7199087711229843,1.1148364512711086,0.13952159544870502,111.00036697942559,120.66030918946672,112.21691066700501,0.010292722017453283,0.38023466283824803,1.7636417093405536,59.788097080917751,68.809970968497325
2021-01-07,114.56722033442074,4.3356916181185348,0.69143741807949999,0.12807934405497079,111.08174894120071,120.66030918946672,114.73278692877818,0.010996317525898729,2.4515650288471136,1.8127790893053077,16.040739760321998,61.551617562848918
2021-01-08,115.14740731603715,4.1448111043800511,1.0100563384624277,0.13122704741214242,111.17147140730529,120.66030918946672,114.91497922000922,0.01109544238773344,2.6031428716051295,1.8692336451838665,67.190872062992995,65.702316155222988
2021-01-11,115.77960892214871,3.8247559912329114,1.0692094257967304,0.11267887861274928,111.28538162887118,120.66030918946672,114.91497922000922,0.010529540455623241,1.0862439231616179,1.8133058078965631,76.028187386335873,66.867756311981196
2021-01-12,116.28347664851383,3.4094404653078749,0.57323260496310069,0.10270769709931415,111.34676871367381,120.66030918946672,116.27427163769457,0.011110133019670485,1.6709829746077958,1.8031398912330798,28.777029058088047,60.15789777105006
2021-01-13,116.7689237309163,3.0536192208475166,0.77335902822323854,0.10142279919658703,111.43784060345045,120.66030918946672,117.02546764027883,0.011091923546250647,1.0756815175166423,1.7511785788247629,57.609498770468377,62.382327506063
2021-01-14,117.17670110888841,2.6792580885641555,0.51279881343211708,0.083430525317031323,111.52003683274917,120.66030918946672,117.02546764027883,0.011157291708309463,1.2233546955973225,1.7134768728799459,37.75293868964404,60.037321626658738
2021-01-15,117.38090690810186,2.3899163471768303,-0.61582436121031714,0.049948463155196077,111.54625561788686,120.66030918946672,117.02546764027883,0.012455524990780136,4.5958291791995691,1.9193591804742047,9.1183462176887673,50.689324613206971
2021-01-18,117.5635101599911,2.0137655667091998,-1.2782696133673559,0.0282973573260068,111.61626414414488,120.66030918946672,114.91446405862402,0.012404379602245295,1.810201415171008,1.9115621972382619,5.9667226672117835,47.893032602792182
2021-01-19,117.71473007303901,1.6903381359177418,-1.3763523687078283,0.036384203943508941,111.68844618118855,120.66030918946672,114.69190505856287,0.01233996353793884,0.57604431815353507,1.8161680630179242,27.653844999850278,49.201725898836052
2021-01-20,117.77198850728912,1.6171092195483405,-0.90610765253745096,0.035090317957066297,111.80578674696727,120.66030918946672,114.69190505856287,0.012304972475819145,1.4438490304887068,1.7895738464086945,64.918034180616601,52.180187688301729
2021-01-21,117.78501666790513,1.6057410545975557,-0.75481107337790265,0.012256181159311152,111.94620332298764,120.66030918946672,114.69190505856287,0.011105816520397981,0.90340660779047255,1.726276186507393,72.9857846360472,53.039817399775025
2021-01-22,117.84432278220666,1.5367456495002578,-0.76339488767664299,0.0030844227636666055,112.12636240303858,120.66030918946672,114.69190505856287,0.010898003966668209,0.75809059313884575,1.6571200726953539,76.90325952599467,53.372695739959454
2021-01-25,117.89437449292227,1.5019436086175475,-0.35162464134331839,0.016289530783512252,112.35862075251018,120.66030918946672,114.69190505856287,0.010832296015926248,0.92528899970547229,1.6048464246246481,92.434786651310844,55.763115116767288
2021-01-26,117.84076276426383,1.5104424905554481,-0.48737004113305576,0.0063541189563556255,112.60882473487531,120.66030918946672,114.69190505856287,0.010736160878752074,0.9397789229980873,1.5573416030798939,61.367787492009207,54.627848283895993
2021-01-27,117.84421350674434,1.5126747275015748,0.63575983045340712,0.0053230256248488761,112.87159297706741,120.66030918946672,114.69190505856287,0.010664607927670716,2.8108043721658049,1.6468746580146019,92.807192222484943,60.289269690825634
2021-01-28,117.89828812157823,1.536632686654543,0.75192801109749619,0.0026683264039903953,113.09599427014851,120.66030918946672,114.69190505856287,0.010625121389134216,0.25816411529109473,1.5476810478200655,94.185673253801156,61.051623856028861
2021-01-29,117.86314281727303,1.4881762169315671,1.1067782150770933,0.013036888517683698,113.32953084237677,120.66030918946672,114.69190505856287,0.01054123343728902,2.1060531499354482,1.5875647693997357,96.591970722217297,62.480530758599222
2021-02-01,117.95640065709183,1.5829228157765245,1.49597263320369,0.00092568881259591507,113.55025403257015,120.36666536195293,114.69190505856287,0.0097908319422195644,0.93190940623331642,1.5407322434592772,98.623721520243592,64.950360741971309
2021-02-02,117.93792358491687,1.5695858733410812,0.57679973776140592,0.003241682025671766,113.74761351850889,120.44213324060205,114.93394642828981,0.0096312440140254047,2.967831341726793,1.6426678933355283,31.120772206709049,57.530912882733986
2021-02-03,117.87022558821222,1.5400527946301867,0.00080562728972230903,-0.011251605801628539,113.97433457923886,121.2546165356669,114.99633235628495,0.009688454373705007,1.6776624989395401,1.6451675080215291,16.395357221207689,53.234159695702616
2021-02-04,117.99644908259154,1.6153397467296817,1.2957649074591764,0.0072478114482965594,114.24094025445876,121.2546165356669,115.95832404482843,0.010566999480869404,2.2412588235219033,1.6877454591286987,73.542712387943098,60.487837605265376
2021-02-05,118.0602493535049,1.6942176758828345,1.5049164843468603,0.025899065572726032,114.50585987334445,121.2546165356669,116.12858157062321,0.010068978618636919,2.3116555434519057,1.7323104651517849,79.967440288131442,61.97779570998545
2021-02-08,118.07867707828328,1.716781549669113,1.2575574900882058,0.0075731081514804899,114.77370893487991,121.28958847050542,116.6302122769942,0.0095946030975384219,1.0006084426922683,1.6800460349761051,59.346791812106012,60.227981628380746
2021-02-09,118.20516184109563,1.8192580069108746,1.4084931842138908,0.0074956803638437375,115.04374945648865,121.28958847050542,116.6302122769942,0.0095929759601075925,1.2283170458270263,1.6477796786083139,76.557263686798137,61.877973478761987
2021-02-10,118.25402056074329,1.8581228636516864,0.99757749747585966,0.015813570435990298,115.28515271942189,121.28958847050542,116.70474202556478,0.0091529134366656797,2.1371666902427222,1.6827358937250574,37.265443339648932,58.616764696112092
2021-02-11,118.3537878654236,1.927170951437601,1.1375118040927361,0.011881929737334707,115.55695256566753,121.56444876543854,117.42458363620609,0.0090478257782131821,1.7668636084190013,1.6887450162031963,62.697484458382739,60.120175935059436
2021-02-12,118.53945446153493,1.856844672683265,0.58325592704671814,0.0090412739430703049,115.84722746005914,121.56444876543854,117.42458363620609,0.0091521927469529057,2.278316475117208,1.7308572632684829,23.150823116003608,55.541940787345418
2021-02-15,118.79275346336917,1.6846247679709228,0.74948524142715911,0.035771266428424653,116.15110495029904,121.56444876543854,117.42458363620609,0.0075354593406719928,0.73257574768662437,1.6595514407269216,51.7074298870617,57.187705032652303
2021-02-16,118.91529913557049,1.5033207233687862,-0.71585291086854175,0.024782879256703083,116.41533551220614,121.56444876543854,117.42458363620609,0.0084971039691863707,3.0153401637400634,1.7563934923707174,10.761529038819532,47.494188603887025
2021-02-17,119.08857303409268,1.3816191703866649,0.49479510669149812,0.037993149686718519,116.72643872483859,121.56444876543854,117.42458363620609,0.009116043812704127,3.2692768496721385,1.8644565893208189,62.526861862586578,54.705873269591073
2021-02-18,119.21356952393035,1.248749719473579,-0.11263601189723141,0.023783681824639524,116.99808361581476,121.56444876543854,117.10083541243019,0.0091483398657551309,2.9486187083078192,1.9418967406770331,44.042792244808254,51.927337706520674
2021-02-19,119.22350437390878,1.2280775972990201,-1.9165143715657436,0.002546820509034653,117.18087792777216,121.56444876543854,117.10083541243019,0.010095916458079553,3.4601228955802128,2.0503414660272603,15.385246826202916,44.294439639523723
2021-02-22,119.18475892801625,1.2998821067636872,-1.9951145739667981,-0.00068426339755112142,117.36820399247728,121.56444876543854,116.25451691769679,0.010109698917602395,2.5262599524986484,2.0843356436323597,13.211550236995862,43.425334605199581
2021-02-23,119.13494135097881,1.3991042145455113,-2.1632945671584887,-0.010718475382871517,117.5271588373604,121.56444876543854,115.42967266577264,0.010053013856005879,2.0923848268774492,2.084910585292723,8.8663239257433872,41.890138402568574
