date,equity
2014-01-02,10000
2014-01-03,9988.6136931945221
2014-01-06,9958.6620487198124
2014-01-07,10002.358815630554
2014-01-08,9996.5329687310623
2014-01-09,9997.8164285898874
2014-01-10,10063.099811010043
2014-01-13,9974.6510457618315
2014-01-14,10055.165285591858
2014-01-15,10102.925205785159
2014-01-16,10104.809380458268
2014-01-17,10094.142743264703
2014-01-21,10109.501231948487
2014-01-22,10118.29895887774
2014-01-23,10125.837503153571
2014-01-24,9969.3624995176924
2014-01-27,9872.6609256500251
2014-01-28,9909.7786299186027
2014-01-29,9856.7013257990639
2014-01-30,9908.3131976511522
2014-01-31,9876.5831307115586
2014-02-03,9715.0107430841144
2014-02-04,9761.2609738440642
2014-02-05,9741.554516273578
2014-02-06,9825.4454357568902
2014-02-07,9946.3121221461261
2014-02-10,9986.5026386190948
2014-02-11,10094.756982739425
2014-02-12,10110.698939394229
2014-02-13,10194.066360352614
2014-02-14,10251.756746904801
2014-02-18,10295.023581349706
2014-02-19,10213.176357060447
2014-02-20,10291.957581257629
2014-02-21,10291.481862088058
2014-02-24,10366.638639918185
2014-02-25,10369.182516834911
2014-02-26,10358.836322018504
2014-02-27,10405.176348257861
2014-02-28,10389.283860470483
2014-03-03,10390.909655606503
2014-03-04,10488.968776941763
2014-03-05,10501.447695827124
2014-03-06,10531.394758633793
2014-03-07,10496.998387874737
2014-03-10,10491.386393772953
2014-03-11,10457.427332038238
2014-03-12,10513.132907673789
2014-03-13,10425.56250191843
2014-03-14,10426.99044112457
2014-03-17,10457.912961861521
2014-03-18,10522.72673094478
2014-03-19,10427.14045109797
2014-03-20,10449.888341938442
2014-03-21,10408.209789297347
2014-03-24,10301.563496312434
2014-03-25,10328.328320250523
2014-03-26,10210.66935672498
2014-03-27,10167.774246301322
2014-03-28,10184.582697937785
2014-03-31,10244.964379218663
2014-04-01,10334.913835420954
2014-04-02,10380.407108117304
2014-04-03,10329.17135542759
2014-04-04,10210.876119626464
2014-04-07,10148.983150379405
2014-04-08,10202.878149924547
2014-04-09,10283.323060680832
2014-04-10,10127.740670633537
2014-04-11,10077.532195531638
2014-04-14,10113.004628708504
2014-04-15,10167.842969868538
2014-04-16,10251.374031859095
2014-04-17,10229.907410128339
2014-04-21,10263.095926278824
2014-04-22,10325.359390880527
2014-04-23,10305.769518273552
2014-04-24,10334.317360114985
2014-04-25,10243.870139444287
2014-04-28,10232.484303193574
2014-04-29,10263.574960319793
2014-04-30,10305.367525421805
2014-05-01,10345.909714363586
2014-05-02,10359.119652224006
2014-05-05,10352.855206109502
2014-05-06,10280.715310791702
2014-05-07,10281.372255199602
2014-05-08,10242.533206132137
2014-05-09,10261.93266548284
2014-05-12,10354.832035597332
2014-05-13,10368.416823574951
2014-05-14,10346.858075973469
2014-05-15,10318.666084720182
2014-05-16,10345.842919900138
2014-05-19,10367.548241136741
2014-05-20,10317.995761600019
2014-05-21,10352.127767070948
2014-05-22,10384.585545989379
2014-05-23,10451.380829417589
2014-05-27,10543.998211377524
2014-05-28,10566.477292921512
2014-05-29,10585.029438321058
2014-05-30,10578.849307155875
2014-06-02,10542.797547454806
2014-06-03,10494.743981551106
2014-06-04,10515.693171246065
2014-06-05,10597.404106990663
2014-06-06,10643.853687115821
2014-06-09,10658.801815293195
2014-06-10,10647.266995571148
2014-06-11,10631.423935688696
2014-06-12,10604.685493404484
2014-06-13,10622.197923966778
2014-06-16,10644.79474571599
2014-06-17,10643.556422791686
2014-06-18,10717.842946059029
2014-06-19,10680.766917485646
2014-06-20,10720.300701135107
2014-06-23,10705.795065798433
2014-06-24,10694.675348467856
2014-06-25,10748.941612277908
2014-06-26,10760.374051024437
2014-06-27,10784.703405597918
2014-06-30,10802.945856713059
2014-07-01,10840.774834579206
2014-07-02,10806.496262263119
2014-07-03,10836.632782477227
2014-07-07,10807.722637802037
2014-07-08,10769.601267232543
2014-07-09,10807.062482393811
2014-07-10,10766.661579843389
2014-07-11,10804.413130621611
2014-07-14,10830.90048388395
2014-07-15,10790.838476682069
2014-07-16,10824.892404827122
2014-07-17,10766.741292546936
2014-07-18,10856.311805803502
2014-07-21,10855.877789423788
2014-07-22,10907.757252770105
2014-07-23,10928.243882622701
2014-07-24,10896.737998555236
2014-07-25,10894.39477259965
2014-07-28,10881.923863611753
2014-07-29,10880.745269800929
2014-07-30,10851.261938958272
2014-07-31,10684.02276804161
2014-08-01,10681.756862482749
2014-08-04,10710.785695701337
2014-08-05,10668.224527509838
2014-08-06,10708.358857097746
2014-08-07,10717.80999800988
2014-08-08,10766.520196388336
2014-08-11,10784.911325742223
2014-08-12,10763.652433430338
2014-08-13,10831.929011426346
2014-08-14,10881.242558485275
2014-08-15,10903.088243027865
2014-08-18,10911.299179517586
2014-08-19,10928.1915037156
2014-08-20,10922.823393046445
2014-08-21,10921.108269246573
2014-08-22,10941.840472024309
2014-08-25,10965.601170921353
2014-08-26,10975.839080626809
2014-08-27,10995.662612003185
2014-08-28,11019.632704603919
2014-08-29,11036.684573566767
2014-09-02,10949.294018377588
2014-09-03,10919.396775933557
2014-09-04,10871.113691560504
2014-09-05,10903.224666830596
2014-09-08,10904.289058737815
2014-09-09,10831.982650434653
2014-09-10,10864.573159988424
2014-09-11,10871.131147097525
2014-09-12,10787.330506855216
2014-09-15,10737.880645610625
2014-09-16,10782.883768912576
2014-09-17,10790.683916889238
2014-09-18,10850.578804691551
2014-09-19,10853.079786192424
2014-09-22,10773.965594124771
2014-09-23,10744.627708723294
2014-09-24,10804.478449481623
2014-09-25,10685.777300515971
2014-09-26,10756.723731066202
2014-09-29,10765.956299284027
2014-09-30,10715.263853786921
2014-10-01,10644.812285558648
2014-10-02,10617.3111901263
2014-10-03,10636.63550816299
2014-10-06,10662.436007580769
2014-10-07,10622.918412600449
2014-10-08,10749.219266916871
2014-10-09,10641.316785136916
2014-10-10,10570.363432031903
2014-10-13,10519.037883113542
2014-10-14,10541.590063025831
2014-10-15,10536.957121661026
2014-10-16,10509.277315326835
2014-10-17,10557.549353917291
2014-10-20,10650.510537910492
2014-10-21,10758.572586205823
2014-10-22,10711.803219755922
2014-10-23,10742.457452342016
2014-10-24,10784.770135830924
2014-10-27,10780.633822405591
2014-10-28,10837.270530860311
2014-10-29,10790.737302596284
2014-10-30,10788.955227812841
2014-10-31,10763.846015157225
2014-11-03,10768.75881567853
2014-11-04,10750.79638046364
2014-11-05,10768.846938811959
2014-11-06,10775.551150068439
2014-11-07,10817.464993689893
2014-11-10,10814.605725821362
2014-11-11,10829.231217303368
2014-11-12,10837.572551775649
2014-11-13,10841.530758169905
2014-11-14,10862.338878480314
2014-11-17,10829.700336576041
2014-11-18,10886.630740525081
2014-11-19,10824.791100374794
2014-11-20,10884.346164179931
2014-11-21,10927.658702218243
2014-11-24,10983.119534282358
2014-11-25,11015.304211635963
2014-11-26,11055.521231442284
2014-11-28,11053.830824474246
2014-12-01,10950.303790726039
2014-12-02,10971.312413805495
2014-12-03,11020.624927260144
2014-12-04,11036.062011937864
2014-12-05,11036.569042721856
2014-12-08,11015.724242671118
2014-12-09,11076.197555940138
2014-12-10,10971.19925069206
2014-12-11,11020.358614658975
2014-12-12,10968.592068376696
2014-12-15,10894.790615973157
2014-12-16,10873.616675231375
2014-12-17,11006.97574174102
2014-12-18,11107.367484970466
2014-12-19,11182.243971081194
2014-12-22,11222.837337112029
2014-12-23,11149.060718619243
2014-12-24,11177.629088625148
2014-12-26,11230.710959398952
2014-12-29,11270.218632334198
2014-12-30,11235.692258487927
2014-12-31,11175.511032668108
2015-01-02,11190.518932131183
2015-01-05,11125.227350940835
2015-01-06,11089.372416789467
2015-01-07,11176.570266345676
2015-01-08,11268.177951981475
2015-01-09,11245.104715336412
2015-01-12,11208.307338097369
2015-01-13,11201.229406933575
2015-01-14,11189.157332763514
2015-01-15,11145.841842193162
2015-01-16,11205.735919464027
2015-01-20,11268.546179551078
2015-01-21,11249.496657660175
2015-01-22,11373.082148640016
2015-01-23,11409.093267289094
2015-01-26,11424.597810067173
2015-01-27,11311.864887973483
2015-01-28,11282.27809051485
2015-01-29,11341.041170276209
2015-01-30,11296.685804415942
2015-02-02,11362.136343600127
2015-02-03,11401.520691951055
2015-02-04,11383.913961803422
2015-02-05,11437.969125790023
2015-02-06,11356.921533320805
2015-02-09,11308.286534676474
2015-02-10,11376.675586635492
2015-02-11,11390.823120101541
2015-02-12,11470.869379522157
2015-02-13,11491.798808573953
2015-02-17,11461.512587511663
2015-02-18,11486.734920310921
2015-02-19,11477.839112782083
2015-02-20,11531.326421188576
2015-02-23,11571.287439033878
2015-02-24,11626.199116000638
2015-02-25,11631.771491191652
2015-02-26,11609.924288319658
2015-02-27,11598.33991712689
2015-03-02,11605.432707568745
2015-03-03,11552.358859427361
2015-03-04,11521.734478559596
2015-03-05,11534.342762061111
2015-03-06,11361.89404703965
2015-03-09,11418.59672032307
2015-03-10,11318.517634620654
2015-03-11,11353.596883145401
2015-03-12,11362.550860731808
2015-03-13,11442.265650415216
2015-03-16,11502.027858334557
2015-03-17,11527.177957714992
2015-03-18,11667.248016028054
2015-03-19,11648.734869257718
2015-03-20,11735.502540866675
2015-03-23,11717.89723429476
2015-03-24,11714.604783460238
2015-03-25,11509.078080452291
2015-03-26,11446.439282530137
2015-03-27,11515.70203065742
2015-03-30,11610.651493181644
2015-03-31,11548.372652010265
2015-04-01,11553.277644461376
2015-04-02,11542.527254871602
2015-04-06,11587.506542511823
2015-04-07,11577.617049981551
2015-04-08,11637.930473458337
2015-04-09,11626.437018727414
2015-04-10,11672.585466460056
2015-04-13,11656.252289176973
2015-04-14,11672.336752903408
2015-04-15,11723.784291292555
2015-04-16,11703.388548232162
2015-04-17,11602.38704236891
2015-04-20,11680.258803959787
2015-04-21,11674.897801405074
2015-04-22,11672.359481242982
2015-04-23,11715.864529640319
2015-04-24,11770.360875741713
2015-04-27,11717.44806679539
2015-04-28,11702.178580901484
2015-04-29,11606.895441287294
2015-04-30,11471.043369847212
2015-05-01,11527.642491045641
2015-05-04,11528.933292008516
2015-05-05,11402.102620859599
2015-05-06,11338.914610960996
2015-05-07,11410.377815024553
2015-05-08,11518.193714350544
2015-05-11,11435.008489570513
2015-05-12,11412.557292043442
2015-05-13,11400.026618982696
2015-05-14,11513.335094041186
2015-05-15,11561.520418072496
2015-05-18,11577.335991850801
2015-05-19,11548.445845483368
2015-05-20,11557.294248095635
2015-05-21,11612.460441900359
2015-05-22,11589.554226581156
2015-05-26,11532.404216605903
2015-05-27,11650.497023221618
2015-05-28,11631.939288850559
2015-05-29,11581.54290869131
2015-06-01,11581.421469909499
2015-06-02,11541.39146525644
2015-06-03,11549.917224979201
2015-06-04,11480.024753032718
2015-06-05,11473.316266047823
2015-06-08,11422.098459346189
2015-06-09,11415.39869204157
2015-06-10,11548.456615651661
2015-06-11,11556.989434355468
2015-06-12,11500.767886421747
2015-06-15,11478.334974286086
2015-06-16,11519.101852999591
2015-06-17,11541.114605966848
2015-06-18,11687.78677513721
2015-06-19,11653.959677016332
2015-06-22,11671.379969601185
2015-06-23,11662.498907915409
2015-06-24,11593.881931683851
2015-06-25,11573.626520609545
2015-06-26,11550.683271392911
2015-06-29,11363.118275796833
2015-06-30,11373.766560837676
2015-07-01,11418.278142981706
2015-07-02,11389.821518749302
2015-07-06,11380.933806505773
2015-07-07,11378.514302558562
2015-07-08,11245.742986944411
2015-07-09,11266.843520271839
2015-07-10,11386.461042139879
2015-07-13,11485.281787928587
2015-07-14,11525.515023794187
2015-07-15,11497.351160778911
2015-07-16,11566.477411112732
2015-07-17,11566.315329170428
2015-07-20,11483.568624632026
2015-07-21,11446.996365977708
2015-07-22,11406.297608225594
2015-07-23,11335.143747463599
2015-07-24,11261.549367371696
2015-07-27,11186.126085000935
2015-07-28,11274.661126795019
2015-07-29,11318.210042710174
2015-07-30,11314.845329978529
2015-07-31,11339.184615882208
2015-08-03,11284.695134043139
2015-08-04,11264.900095595682
2015-08-05,11288.608926912604
2015-08-06,11193.919618342285
2015-08-07,11191.93913696667
2015-08-10,11272.964118991591
2015-08-11,11215.249192004809
2015-08-12,11210.876447719986
2015-08-13,11185.153097431148
2015-08-14,11226.058998815455
2015-08-17,11309.702177406971
2015-08-18,11243.936043761714
2015-08-19,11190.287354537224
2015-08-20,10988.741771780578
2015-08-21,10740.930708601654
2015-08-24,10403.617306683182
2015-08-25,10309.517497832099
2015-08-26,10585.048255784715
2015-08-27,10781.207908211154
2015-08-28,10815.560289097779
2015-08-31,10730.796193165954
2015-09-01,10483.453908584901
2015-09-02,10557.248065108768
2015-09-03,10513.159082207114
2015-09-04,10511.486143391407
2015-09-08,10475.071423077716
2015-09-09,10385.900630829128
2015-09-10,10386.575091509085
2015-09-11,10386.64431494055
2015-09-14,10395.334502348283
2015-09-15,10322.320825282197
2015-09-16,10415.446720449519
2015-09-17,10527.065029591155
2015-09-18,10626.06554486118
2015-09-21,10533.101188950801
2015-09-22,10515.550823136098
2015-09-23,10546.824647980122
2015-09-24,10730.213444116449
2015-09-25,10657.679754283314
2015-09-28,10601.478889375436
2015-09-29,10577.09278552081
2015-09-30,10485.208763693419
2015-10-01,10487.466559331464
2015-10-02,10669.735887250556
2015-10-05,10617.03419578725
2015-10-06,10708.61304816761
2015-10-07,10687.763399256935
2015-10-08,10625.107512854232
2015-10-09,10758.03004422626
2015-10-12,10810.615911301735
2015-10-13,10855.548393882234
2015-10-14,11021.483522462795
2015-10-15,10970.238634213394
2015-10-16,10913.01103332839
2015-10-19,10871.181777797628
2015-10-20,10905.62820783827
2015-10-21,10860.554078945466
2015-10-22,10861.79633420251
2015-10-23,10824.59773111948
2015-10-26,10838.168170162688
2015-10-27,10862.897758195953
2015-10-28,10787.014378050446
2015-10-29,10666.342433564421
2015-10-30,10655.35598753824
2015-11-02,10632.767495562226
2015-11-03,10570.510896453221
2015-11-04,10512.095941168011
2015-11-05,10486.531570939052
2015-11-06,10410.121052552682
2015-11-09,10373.610328170495
2015-11-10,10363.03316270082
2015-11-11,10331.675929241914
2015-11-12,10270.657444436949
2015-11-13,10179.04389511013
2015-11-16,10261.498912315707
2015-11-17,10193.126249444589
2015-11-18,10287.061076907441
2015-11-19,10342.481499971094
2015-11-20,10345.120374381268
2015-11-23,10293.325969131096
2015-11-24,10329.435087506394
2015-11-25,10307.153251981976
2015-11-27,10252.91288613408
2015-11-30,10269.2753686141
2015-12-01,10337.18173832186
2015-12-02,10204.828716868955
2015-12-03,10110.226447258168
2015-12-04,10301.79404996067
2015-12-07,10204.351523467889
2015-12-08,10177.418309134839
2015-12-09,10086.665944116328
2015-12-10,10110.699818529249
2015-12-11,9961.6002801483664
2015-12-14,9944.9474084291869
2015-12-15,10014.682214050292
2015-12-16,10157.344894889497
2015-12-17,9998.5041019028195
2015-12-18,9907.8825643747768
2015-12-21,9999.2795574971697
2015-12-22,10048.026198609336
2015-12-23,10123.245470344116
2015-12-24,10140.751698310336
2015-12-28,10102.790126067588
2015-12-29,10194.063506424098
2015-12-30,10109.653805918893
2015-12-31,10022.001453899642
2016-01-04,9918.9280005510063
2016-01-05,9933.4166623631045
2016-01-06,9949.5587377383381
2016-01-07,9881.8366646853101
2016-01-08,9812.9257241878149
2016-01-11,9778.2210929935736
2016-01-12,9801.3428955364616
2016-01-13,9681.95459770452
2016-01-14,9691.215352541516
2016-01-15,9614.0061225967893
2016-01-19,9618.3840622207845
2016-01-20,9644.3276290576105
2016-01-21,9666.5978913685394
2016-01-22,9761.9370265972775
2016-01-25,9738.5151485215683
2016-01-26,9849.5244584921784
2016-01-27,9781.5326704153813
2016-01-28,9774.7889048044199
2016-01-29,9904.6015292904103
2016-02-01,9959.8632080603129
2016-02-02,9863.4333924743278
2016-02-03,9967.7163334381403
2016-02-04,10070.50494235555
2016-02-05,10193.161381174816
2016-02-08,10345.248799981806
2016-02-09,10336.245594213962
2016-02-10,10419.041774408528
2016-02-11,10751.021647632144
2016-02-12,10658.568463627185
2016-02-16,10395.897422512757
2016-02-17,10412.983842014857
2016-02-18,10626.36062109794
2016-02-19,10605.667729036008
2016-02-22,10450.481753103255
2016-02-23,10582.569407518251
2016-02-24,10623.935601648152
2016-02-25,10639.194304029261
2016-02-26,10559.90375153336
2016-02-29,10667.232471279343
2016-03-01,10563.283997964027
2016-03-02,10634.458098660481
2016-03-03,10782.298501268024
2016-03-04,10753.558081977368
2016-03-07,10791.697163592064
2016-03-08,10783.884882877701
2016-03-09,10700.45385662035
2016-03-10,10818.381780495069
2016-03-11,10650.633830742732
2016-03-14,10556.437935023228
2016-03-15,10565.356099252023
2016-03-16,10750.095682777048
2016-03-17,10730.385353247399
2016-03-18,10714.043055805751
2016-03-21,10637.161756324165
2016-03-22,10659.980220908697
2016-03-23,10508.975744003996
2016-03-24,10491.256756294682
2016-03-28,10512.947227432189
2016-03-29,10685.775170140731
2016-03-30,10546.357088596997
2016-03-31,10600.890632733748
2016-04-01,10560.296386440134
2016-04-04,10509.045527480561
2016-04-05,10631.259668885968
2016-04-06,10647.846439127043
2016-04-07,10672.080207039182
2016-04-08,10649.952168132664
2016-04-11,10668.283072435235
2016-04-12,10683.286716726991
2016-04-13,10717.428871577145
2016-04-14,10662.726314795005
2016-04-15,10704.03497718039
2016-04-18,10712.994007495756
2016-04-19,10738.809154834138
2016-04-20,10690.557509885994
2016-04-21,10666.610071659792
2016-04-22,10594.12278659018
2016-04-25,10582.412938925136
2016-04-26,10570.954880372281
2016-04-27,10602.365177304458
2016-04-28,10622.567817133817
2016-04-29,10659.958765441022
2016-05-02,10651.869410250683
2016-05-03,10650.868488967026
2016-05-04,10609.030928426038
2016-05-05,10621.417259272625
2016-05-06,10666.519491857993
2016-05-09,10567.749190165358
2016-05-10,10613.739655760912
2016-05-11,10654.47188407089
2016-05-12,10601.751262809235
2016-05-13,10630.992024376497
2016-05-16,10635.964487112928
2016-05-17,10636.163116820979
2016-05-18,10504.202590624993
2016-05-19,10496.434820587285
2016-05-20,10507.542328607213
2016-05-23,10495.576864265196
2016-05-24,10425.359586289193
2016-05-25,10418.274321151843
2016-05-26,10414.369265266478
2016-05-27,10378.360961015069
2016-05-31,10399.249854598702
2016-06-01,10410.453601422425
2016-06-02,10425.728853950654
2016-06-03,10553.808559077677
2016-06-06,10576.433859423978
2016-06-07,10587.769996108218
2016-06-08,10632.927757961832
2016-06-09,10632.12390392519
2016-06-10,10556.002476131538
2016-06-13,10509.495477079796
2016-06-14,10496.129102028475
2016-06-15,10497.286294291054
2016-06-16,10529.185047848334
2016-06-17,10461.919847063062
2016-06-20,10486.098120687295
2016-06-21,10484.918758831844
2016-06-22,10471.026680797097
2016-06-23,10548.396089731494
2016-06-24,10339.397369032476
2016-06-27,10250.180874879985
2016-06-28,10392.062861213488
2016-06-29,10508.045921591958
2016-06-30,10624.835675893035
2016-07-01,10692.015642529084
2016-07-05,10662.525327251498
2016-07-06,10721.000290344458
2016-07-07,10730.468332623683
2016-07-08,10886.783984240534
2016-07-11,10908.580258751777
2016-07-12,10919.600766389425
2016-07-13,10942.361616245986
2016-07-14,10931.77819513147
2016-07-15,10902.294691203431
2016-07-18,10927.80526286699
2016-07-19,10922.181842733249
2016-07-20,10960.573676603404
2016-07-21,10939.792128388921
2016-07-22,10986.054882359118
2016-07-25,10972.39169117774
2016-07-26,10992.298192793265
2016-07-27,11052.253772035543
2016-07-28,11053.172658680227
2016-07-29,11094.642822281527
2016-08-01,11072.330827706108
2016-08-02,10969.209345929889
2016-08-03,11007.807008664744
2016-08-04,11043.411806918746
2016-08-05,11094.755793532431
2016-08-08,11094.761940782439
2016-08-09,11135.358909444658
2016-08-10,11115.787879632124
2016-08-11,11125.023745984039
2016-08-12,11152.185031349847
2016-08-15,11165.84295716182
2016-08-16,11108.643444716085
2016-08-17,11130.809781235652
2016-08-18,11160.350805928374
2016-08-19,11139.12756980899
2016-08-22,11171.593595635957
2016-08-23,11201.414373285092
2016-08-24,11142.698079803768
2016-08-25,11128.40073185137
2016-08-26,11104.613413640418
2016-08-29,11175.695952044098
2016-08-30,11154.462429038826
2016-08-31,11134.052164282381
2016-09-01,11143.955087917904
2016-09-02,11167.08196089812
2016-09-06,11216.090532881413
2016-09-07,11230.57834116469
2016-09-08,11168.084352315205
2016-09-09,10899.878331525939
2016-09-12,11028.089597662762
2016-09-13,10881.440068041227
2016-09-14,10897.806141583051
2016-09-15,10987.003548605355
2016-09-16,10991.51755453905
2016-09-19,10986.28015767039
2016-09-20,10991.8784781098
2016-09-21,11109.72435594361
2016-09-22,11206.967109679392
2016-09-23,11152.865624551589
2016-09-26,11098.070286047419
2016-09-27,11175.853806011672
2016-09-28,11208.396354909433
2016-09-29,11132.401669026627
2016-09-30,11178.450606464759
2016-10-03,11149.141074291161
2016-10-04,11085.495904514082
2016-10-05,11111.626238920368
2016-10-06,11095.077669328773
2016-10-07,11061.477946614812
2016-10-10,11107.922861967521
2016-10-11,10978.107922352536
2016-10-12,10980.35060228564
2016-10-13,10951.095054311139
2016-10-14,10911.117423265148
2016-10-17,10906.595762026984
2016-10-18,10972.852139150156
2016-10-19,10992.564017897997
2016-10-20,10979.376723735315
2016-10-21,10994.743336129884
2016-10-24,11046.649147699773
2016-10-25,11016.511147600922
2016-10-26,10950.252982047043
2016-10-27,10874.859751733427
2016-10-28,10835.371888510954
2016-10-31,10857.787647229623
2016-11-01,10790.501432830273
2016-11-02,10734.527782438874
2016-11-03,10661.423023243524
2016-11-04,10686.636604148807
2016-11-07,10847.277363276178
2016-11-08,10873.102412027767
2016-11-09,10864.505759363845
2016-11-10,10821.301448491802
2016-11-11,10848.166042403165
2016-11-14,10835.935345321814
2016-11-15,10919.6332745155
2016-11-16,10955.290049809659
2016-11-17,10962.077661504303
2016-11-18,10947.812119356753
2016-11-21,11016.744202280515
2016-11-22,11050.856645172418
2016-11-23,11043.78423168044
2016-11-25,11076.514323415522
2016-11-28,11047.506345974551
2016-11-29,11074.348480132991
2016-11-30,10974.936870179756
2016-12-01,10877.786242469012
2016-12-02,10898.295324362129
2016-12-05,10961.263181675433
2016-12-06,10998.914787911179
2016-12-07,11107.801011544669
2016-12-08,11149.365277818393
2016-12-09,11166.17501394723
2016-12-12,11137.196152625573
2016-12-13,11185.910172626564
2016-12-14,11083.780005666102
2016-12-15,11080.287049440221
2016-12-16,11077.727389593585
2016-12-19,11124.255330743494
2016-12-20,11146.300708821316
2016-12-21,11121.487581341107
2016-12-22,11082.700312199871
2016-12-23,11109.911199222368
2016-12-27,11158.691055510923
2016-12-28,11094.241927077233
2016-12-29,11128.114433264267
2016-12-30,11061.362200135434
2017-01-03,11145.109415154646
2017-01-04,11225.54500544684
2017-01-05,11256.988235592249
2017-01-06,11265.03996819295
2017-01-09,11271.30576962417
2017-01-10,11309.097451038449
2017-01-11,11338.795933516192
2017-01-12,11320.024294474177
2017-01-13,11359.910631542676
2017-01-17,11351.135903963423
2017-01-18,11347.664617102731
2017-01-19,11313.338379868273
2017-01-20,11350.337097300486
2017-01-23,11352.236262553617
2017-01-24,11413.37049318814
2017-01-25,11469.783718159923
2017-01-26,11433.763551418169
2017-01-27,11431.527933066856
2017-01-30,11369.692572598211
2017-01-31,11418.179217025312
2017-02-01,11428.881449387549
2017-02-02,11440.285477146032
2017-02-03,11512.510185839872
2017-02-06,11532.349715312579
2017-02-07,11527.516302818198
2017-02-08,11551.743613162307
2017-02-09,11591.558833646359
2017-02-10,11639.321536617332
2017-02-13,11661.725977432759
2017-02-14,11696.756560633019
2017-02-15,11759.186230752099
2017-02-16,11765.130273431942
2017-02-17,11772.171636116502
2017-02-21,11828.086469256201
2017-02-22,11820.326925749054
2017-02-23,11825.840861821389
2017-02-24,11853.767735403404
2017-02-27,11869.29636340322
2017-02-28,11820.298743557531
2017-03-01,11940.024495484651
2017-03-02,11839.481576301127
2017-03-03,11843.730032929736
2017-03-06,11791.547545533535
2017-03-07,11738.916814238599
2017-03-08,11706.319892528874
2017-03-09,11690.870822122124
2017-03-10,11732.038603245133
2017-03-13,11744.201601733666
2017-03-14,11697.330086677426
2017-03-15,11833.21927444916
2017-03-16,11838.644323137411
2017-03-17,11845.089817101645
2017-03-20,11848.486625268537
2017-03-21,11723.672489309558
2017-03-22,11760.957244966667
2017-03-23,11756.584251987546
2017-03-24,11766.328879394337
2017-03-27,11788.628961656015
2017-03-28,11838.034230858128
2017-03-29,11869.834009500273
2017-03-30,11880.301774330357
2017-03-31,11878.946088618584
2017-04-03,11865.590399793704
2017-04-04,11878.733626042549
2017-04-05,11834.1186033667
2017-04-06,11851.176520443389
2017-04-07,11851.870360911167
2017-04-10,11859.207176183305
2017-04-11,11896.214641596667
2017-04-12,11862.269316396929
2017-04-13,11822.527635667795
2017-04-17,11894.847495600785
2017-04-18,11893.119994483142
2017-04-19,11871.992546000249
2017-04-20,11959.17876379174
2017-04-21,11951.358777236377
2017-04-24,12036.419784738988
2017-04-25,12069.839157353141
2017-04-26,12086.50800036186
2017-04-27,12099.557544868352
2017-04-28,12083.751010223046
2017-05-01,12108.189134695833
2017-05-02,12106.219160988052
2017-05-03,12036.721820085102
2017-05-04,12009.58308348776
2017-05-05,12054.278706170006
2017-05-08,12047.258318636344
2017-05-09,12037.479237133026
2017-05-10,12057.280494684817
2017-05-11,12046.013194032092
2017-05-12,12047.018464180162
2017-05-15,12100.525805404297
2017-05-16,12125.988882598926
2017-05-17,11974.118748957502
2017-05-18,12002.04649113139
2017-05-19,12063.997517503405
2017-05-22,12137.920925741235
2017-05-23,12136.416295752108
2017-05-24,12174.534527322474
2017-05-25,12221.087597289419
2017-05-26,12253.385785635608
2017-05-30,12228.286639359698
2017-05-31,12236.356527229585
2017-06-01,12317.891427885865
2017-06-02,12407.294416501936
2017-06-05,12393.145650937544
2017-06-06,12400.629825562362
2017-06-07,12406.163360603392
2017-06-08,12420.50621571571
2017-06-09,12316.120891235845
2017-06-12,12290.506257506951
2017-06-13,12349.341663618909
2017-06-14,12300.818621855484
2017-06-15,12255.735255821446
2017-06-16,12237.968117362187
2017-06-19,12315.581961486332
2017-06-20,12235.872965973125
2017-06-21,12270.379961426035
2017-06-22,12286.199584583313
2017-06-23,12330.302725938825
2017-06-26,12293.027760224764
2017-06-27,12196.43568151273
2017-06-28,12311.279270794876
2017-06-29,12193.788479106872
2017-06-30,12190.981573423878
2017-07-03,12131.854138989796
2017-07-05,12169.620405525213
2017-07-06,12075.385175434936
2017-07-07,12121.499819933413
2017-07-10,12136.45479720708
2017-07-11,12151.432886836519
2017-07-12,12241.816334927264
2017-07-13,12250.997489391541
2017-07-14,12319.657581533493
2017-07-17,12339.840648777752
2017-07-18,12373.941181246986
2017-07-19,12435.738470321534
2017-07-20,12446.825264766654
2017-07-21,12457.542781423586
2017-07-24,12473.017677219492
2017-07-25,12489.780177564095
2017-07-26,12509.343278361264
2017-07-27,12471.065156365767
2017-07-28,12480.806514502723
2017-07-31,12461.305037470618
2017-08-01,12478.780744227179
2017-08-02,12453.484259705374
2017-08-03,12437.58674086971
2017-08-04,12432.457459027339
2017-08-07,12462.985002093425
2017-08-08,12428.270329639452
2017-08-09,12422.010135800312
2017-08-10,12295.948067018064
2017-08-11,12324.401900550469
2017-08-14,12415.429394864621
2017-08-15,12382.160011906597
2017-08-16,12406.420794783688
2017-08-17,12271.293368599527
2017-08-18,12264.128678553132
2017-08-21,12271.055351009933
2017-08-22,12363.041540776918
2017-08-23,12358.640160216422
2017-08-24,12337.371041303961
2017-08-25,12362.663905574462
2017-08-28,12378.41893794944
2017-08-29,12403.911690891993
2017-08-30,12465.494512832111
2017-08-31,12550.753312618162
2017-09-01,12541.971653412864
2017-09-05,12523.569531769268
2017-09-06,12527.373124318214
2017-09-07,12562.249899665756
2017-09-08,12532.461112349756
2017-09-11,12585.678217625988
2017-09-12,12603.043430353333
2017-09-13,12601.167159301012
2017-09-14,12599.445541731713
2017-09-15,12625.000337089572
2017-09-18,12628.016518477592
2017-09-19,12626.957482207441
2017-09-20,12632.800567682547
2017-09-21,12603.364704531634
2017-09-22,12623.962880818446
2017-09-25,12618.56374211565
2017-09-26,12628.710508028707
2017-09-27,12662.255412266766
2017-09-28,12662.577928734767
2017-09-29,12707.816117845532
2017-10-02,12754.230898891581
2017-10-03,12775.68679864467
2017-10-04,12775.002433553936
2017-10-05,12821.339780759943
2017-10-06,12806.623498845722
2017-10-09,12796.415391220611
2017-10-10,12822.40683342117
2017-10-11,12841.387802250043
2017-10-12,12841.932877839439
2017-10-13,12875.940931314621
2017-10-16,12886.226486868236
2017-10-17,12889.058733253922
2017-10-18,12881.264711920587
2017-10-19,12874.12999430281
2017-10-20,12881.521021656028
2017-10-23,12832.993354530552
2017-10-24,12830.372639449557
2017-10-25,12770.909842770947
2017-10-26,12762.565996109917
2017-10-27,12914.6399402599
2017-10-30,12907.375454931216
2017-10-31,12944.287070785085
2017-11-01,12944.308827564111
2017-11-02,12964.186173831096
2017-11-03,13009.753584044571
2017-11-06,13040.019750045625
2017-11-07,13018.578025539298
2017-11-08,13032.239613745422
2017-11-09,12984.30177053893
2017-11-10,12931.114974708629
